method,budget_fraction,cost_ratio,base_cost_total,aigc_unit_cost,status,objective_normalized,budget,full_budget,total_payment,budget_utilization,active_clients,raw_clients,interior_clients,full_clients,active_original_samples,synthetic_samples_proxy,total_augmented_samples_proxy,mean_u_active,active_indices,u,missing_ratio,full_synthetic_n,normalized_absolute_gap,solver_failures
continuous,0.02,0.25,0.25,1.0,ok,1.8137204598611263,0.06353333333333333,3.1766666666666667,0.0635333333333333,0.9999999999999996,2,0,2,0,7184,785.2058346522753,7969.205834652275,0.12171619785290527,"[0, 3]","[0.12757864753942938, 0.0, 0.0, 0.11585374816638117, 0.0, 0.0]","[4.006045949214026, 3.012678588324344, 4.467881408276714, 4.218104296490653, 3.7662601626016254, 1.4490568418396315]","[16564.999999999996, 31840.999999999993, 28934.0, 12861.0, 18529.999999999996, 22969.0]",8.881784197001252e-16,0
three_state,0.02,0.25,0.25,1.0,ok,2.355510089250443,0.06353333333333333,3.1766666666666667,0.03991111111111111,0.6281916754109829,2,2,0,0,7184,0.0,7184.0,0.0,"[0, 3]","[0.0, 0.0, 0.0, 0.0, 0.0, 0.0]","[4.006045949214026, 3.012678588324344, 4.467881408276714, 4.218104296490653, 3.7662601626016254, 1.4490568418396315]","[16564.999999999996, 31840.999999999993, 28934.0, 12861.0, 18529.999999999996, 22969.0]",0.0,0
no_aigc,0.02,0.25,0.25,1.0,ok,2.355510089250443,0.06353333333333333,3.1766666666666667,0.03991111111111111,0.6281916754109829,2,2,0,0,7184,0.0,7184.0,0.0,"[0, 3]","[0.0, 0.0, 0.0, 0.0, 0.0, 0.0]","[4.006045949214026, 3.012678588324344, 4.467881408276714, 4.218104296490653, 3.7662601626016254, 1.4490568418396315]","[16564.999999999996, 31840.999999999993, 28934.0, 12861.0, 18529.999999999996, 22969.0]",0.0,0
continuous,0.04,0.25,0.25,1.0,ok,0.8439104508261884,0.12706666666666666,3.1766666666666667,0.12706666666666666,1.0,1,0,1,0,3049,2708.776624720396,5757.776624720396,0.5819877215320558,[3],"[0.0, 0.0, 0.0, 0.5819877215320558, 0.0, 0.0]","[4.006045949214026, 3.012678588324344, 4.467881408276714, 4.218104296490653, 3.7662601626016254, 1.4490568418396315]","[16564.999999999996, 31840.999999999993, 28934.0, 12861.0, 18529.999999999996, 22969.0]",1.454392162258955e-13,0
three_state,0.04,0.25,0.25,1.0,ok,1.0980927278952297,0.12706666666666666,3.1766666666666667,0.11539444444444445,0.908140958377055,2,2,0,0,20771,0.0,20771.0,0.0,"[4, 5]","[0.0, 0.0, 0.0, 0.0, 0.0, 0.0]","[4.006045949214026, 3.012678588324344, 4.467881408276714, 4.218104296490653, 3.7662601626016254, 1.4490568418396315]","[16564.999999999996, 31840.999999999993, 28934.0, 12861.0, 18529.999999999996, 22969.0]",0.0,0
no_aigc,0.04,0.25,0.25,1.0,ok,1.0980927278952297,0.12706666666666666,3.1766666666666667,0.11539444444444445,0.908140958377055,2,2,0,0,20771,0.0,20771.0,0.0,"[4, 5]","[0.0, 0.0, 0.0, 0.0, 0.0, 0.0]","[4.006045949214026, 3.012678588324344, 4.467881408276714, 4.218104296490653, 3.7662601626016254, 1.4490568418396315]","[16564.999999999996, 31840.999999999993, 28934.0, 12861.0, 18529.999999999996, 22969.0]",0.0,0
continuous,0.06,0.25,0.25,1.0,ok,0.2881545550616118,0.1906,3.1766666666666667,0.1905999999999999,0.9999999999999996,1,0,1,0,3049,4800.053379729683,7849.053379729683,0.7565266402345528,[3],"[0.0, 0.0, 0.0, 0.7565266402345528, 0.0, 0.0]","[4.006045949214026, 3.012678588324344, 4.467881408276714, 4.218104296490653, 3.7662601626016254, 1.4490568418396315]","[16564.999999999996, 31840.999999999993, 28934.0, 12861.0, 18529.999999999996, 22969.0]",3.164135620181696e-15,1
three_state,0.06,0.25,0.25,1.0,ok,0.5866558326429462,0.1906,3.1766666666666667,0.1866888888888889,0.9794800046636354,4,4,0,0,33604,0.0,33604.0,0.0,"[0, 1, 3, 5]","[0.0, 0.0, 0.0, 0.0, 0.0, 0.0]","[4.006045949214026, 3.012678588324344, 4.467881408276714, 4.218104296490653, 3.7662601626016254, 1.4490568418396315]","[16564.999999999996, 31840.999999999993, 28934.0, 12861.0, 18529.999999999996, 22969.0]",0.0,0
no_aigc,0.06,0.25,0.25,1.0,ok,0.5866558326429462,0.1906,3.1766666666666667,0.1866888888888889,0.9794800046636354,4,4,0,0,33604,0.0,33604.0,0.0,"[0, 1, 3, 5]","[0.0, 0.0, 0.0, 0.0, 0.0, 0.0]","[4.006045949214026, 3.012678588324344, 4.467881408276714, 4.218104296490653, 3.7662601626016254, 1.4490568418396315]","[16564.999999999996, 31840.999999999993, 28934.0, 12861.0, 18529.999999999996, 22969.0]",0.0,0
continuous,0.08,0.25,0.25,1.0,ok,0.049387954438250295,0.2541333333333333,3.1766666666666667,0.2541333333333334,1.0000000000000002,1,0,1,0,3049,8195.286357960993,11244.286357960993,0.90162859611587,[3],"[0.0, 0.0, 0.0, 0.90162859611587, 0.0, 0.0]","[4.006045949214026, 3.012678588324344, 4.467881408276714, 4.218104296490653, 3.7662601626016254, 1.4490568418396315]","[16564.999999999996, 31840.999999999993, 28934.0, 12861.0, 18529.999999999996, 22969.0]",1.1245171460672054e-13,3
three_state,0.08,0.25,0.25,1.0,ok,0.42779808189943075,0.2541333333333333,3.1766666666666667,0.25,0.9837355718782792,6,6,0,0,45000,0.0,45000.0,0.0,"[0, 1, 2, 3, 4, 5]","[0.0, 0.0, 0.0, 0.0, 0.0, 0.0]","[4.006045949214026, 3.012678588324344, 4.467881408276714, 4.218104296490653, 3.7662601626016254, 1.4490568418396315]","[16564.999999999996, 31840.999999999993, 28934.0, 12861.0, 18529.999999999996, 22969.0]",0.0,0
no_aigc,0.08,0.25,0.25,1.0,ok,0.42779808189943075,0.2541333333333333,3.1766666666666667,0.25,0.9837355718782792,6,6,0,0,45000,0.0,45000.0,0.0,"[0, 1, 2, 3, 4, 5]","[0.0, 0.0, 0.0, 0.0, 0.0, 0.0]","[4.006045949214026, 3.012678588324344, 4.467881408276714, 4.218104296490653, 3.7662601626016254, 1.4490568418396315]","[16564.999999999996, 31840.999999999993, 28934.0, 12861.0, 18529.999999999996, 22969.0]",0.0,0
continuous,0.1,0.25,0.25,1.0,ok,0.002806921292897905,0.3176666666666667,3.1766666666666667,0.3027388888887703,0.9530080447705256,1,0,0,1,3049,12860.999999984624,15909.999999984624,0.9999999999997708,[3],"[0.0, 0.0, 0.0, 0.9999999999997708, 0.0, 0.0]","[4.006045949214026, 3.012678588324344, 4.467881408276714, 4.218104296490653, 3.7662601626016254, 1.4490568418396315]","[16564.999999999996, 31840.999999999993, 28934.0, 12861.0, 18529.999999999996, 22969.0]",0.0,8
three_state,0.1,0.25,0.25,1.0,ok,0.002806921292897905,0.3176666666666667,3.1766666666666667,0.30273888888888884,0.9530080447708986,1,0,0,1,3049,12861.0,15910.0,1.0,[3],"[0.0, 0.0, 0.0, 1.0, 0.0, 0.0]","[4.006045949214026, 3.012678588324344, 4.467881408276714, 4.218104296490653, 3.7662601626016254, 1.4490568418396315]","[16564.999999999996, 31840.999999999993, 28934.0, 12861.0, 18529.999999999996, 22969.0]",0.0,0
no_aigc,0.1,0.25,0.25,1.0,ok,0.42779808189943075,0.3176666666666667,3.1766666666666667,0.25,0.7869884575026231,6,6,0,0,45000,0.0,45000.0,0.0,"[0, 1, 2, 3, 4, 5]","[0.0, 0.0, 0.0, 0.0, 0.0, 0.0]","[4.006045949214026, 3.012678588324344, 4.467881408276714, 4.218104296490653, 3.7662601626016254, 1.4490568418396315]","[16564.999999999996, 31840.999999999993, 28934.0, 12861.0, 18529.999999999996, 22969.0]",0.0,0
continuous,0.15,0.25,0.25,1.0,ok,0.002806921292897905,0.4765,3.1766666666666667,0.4391111111110521,0.9215343360147998,1,0,0,1,4920,18529.99999999294,23449.99999999294,0.9999999999999201,[4],"[0.0, 0.0, 0.0, 0.0, 0.9999999999999201, 0.0]","[4.006045949214026, 3.012678588324344, 4.467881408276714, 4.218104296490653, 3.7662601626016254, 1.4490568418396315]","[16564.999999999996, 31840.999999999993, 28934.0, 12861.0, 18529.999999999996, 22969.0]",0.0,8
three_state,0.15,0.25,0.25,1.0,ok,0.002806921292897905,0.4765,3.1766666666666667,0.43911111111111106,0.9215343360149236,1,0,0,1,4920,18529.999999999996,23449.999999999996,1.0,[4],"[0.0, 0.0, 0.0, 0.0, 1.0, 0.0]","[4.006045949214026, 3.012678588324344, 4.467881408276714, 4.218104296490653, 3.7662601626016254, 1.4490568418396315]","[16564.999999999996, 31840.999999999993, 28934.0, 12861.0, 18529.999999999996, 22969.0]",0.0,0
no_aigc,0.15,0.25,0.25,1.0,ok,0.42779808189943075,0.4765,3.1766666666666667,0.25,0.5246589716684156,6,6,0,0,45000,0.0,45000.0,0.0,"[0, 1, 2, 3, 4, 5]","[0.0, 0.0, 0.0, 0.0, 0.0, 0.0]","[4.006045949214026, 3.012678588324344, 4.467881408276714, 4.218104296490653, 3.7662601626016254, 1.4490568418396315]","[16564.999999999996, 31840.999999999993, 28934.0, 12861.0, 18529.999999999996, 22969.0]",0.0,0
continuous,0.2,0.25,0.25,1.0,ok,0.002806921292897905,0.6353333333333334,3.1766666666666667,0.5984833333333333,0.9419989506820564,1,0,0,1,15851,22968.999999999996,38820.0,1.0,[5],"[0.0, 0.0, 0.0, 0.0, 0.0, 1.0]","[4.006045949214026, 3.012678588324344, 4.467881408276714, 4.218104296490653, 3.7662601626016254, 1.4490568418396315]","[16564.999999999996, 31840.999999999993, 28934.0, 12861.0, 18529.999999999996, 22969.0]",0.0,5
three_state,0.2,0.25,0.25,1.0,ok,0.002806921292897905,0.6353333333333334,3.1766666666666667,0.5984833333333333,0.9419989506820564,1,0,0,1,15851,22968.999999999996,38820.0,1.0,[5],"[0.0, 0.0, 0.0, 0.0, 0.0, 1.0]","[4.006045949214026, 3.012678588324344, 4.467881408276714, 4.218104296490653, 3.7662601626016254, 1.4490568418396315]","[16564.999999999996, 31840.999999999993, 28934.0, 12861.0, 18529.999999999996, 22969.0]",0.0,0
no_aigc,0.2,0.25,0.25,1.0,ok,0.42779808189943075,0.6353333333333334,3.1766666666666667,0.25,0.39349422875131157,6,6,0,0,45000,0.0,45000.0,0.0,"[0, 1, 2, 3, 4, 5]","[0.0, 0.0, 0.0, 0.0, 0.0, 0.0]","[4.006045949214026, 3.012678588324344, 4.467881408276714, 4.218104296490653, 3.7662601626016254, 1.4490568418396315]","[16564.999999999996, 31840.999999999993, 28934.0, 12861.0, 18529.999999999996, 22969.0]",0.0,0
continuous,0.3,0.25,0.25,1.0,ok,0.0026659433920892136,0.953,3.1766666666666667,0.8301944444444417,0.8711379270141046,2,0,0,2,9055,35094.99999999968,44149.99999999968,0.9999999999999982,"[0, 4]","[1.0, 0.0, 0.0, 0.0, 0.9999999999999964, 0.0]","[4.006045949214026, 3.012678588324344, 4.467881408276714, 4.218104296490653, 3.7662601626016254, 1.4490568418396315]","[16564.999999999996, 31840.999999999993, 28934.0, 12861.0, 18529.999999999996, 22969.0]",2.3765711620882257e-16,9
three_state,0.3,0.25,0.25,1.0,ok,0.0026659433920892136,0.953,3.1766666666666667,0.8301944444444443,0.8711379270141074,2,0,0,2,9055,35094.99999999999,44149.99999999999,1.0,"[0, 4]","[1.0, 0.0, 0.0, 0.0, 1.0, 0.0]","[4.006045949214026, 3.012678588324344, 4.467881408276714, 4.218104296490653, 3.7662601626016254, 1.4490568418396315]","[16564.999999999996, 31840.999999999993, 28934.0, 12861.0, 18529.999999999996, 22969.0]",0.0,0
no_aigc,0.3,0.25,0.25,1.0,ok,0.42779808189943075,0.953,3.1766666666666667,0.25,0.2623294858342078,6,6,0,0,45000,0.0,45000.0,0.0,"[0, 1, 2, 3, 4, 5]","[0.0, 0.0, 0.0, 0.0, 0.0, 0.0]","[4.006045949214026, 3.012678588324344, 4.467881408276714, 4.218104296490653, 3.7662601626016254, 1.4490568418396315]","[16564.999999999996, 31840.999999999993, 28934.0, 12861.0, 18529.999999999996, 22969.0]",0.0,0
continuous,0.4,0.25,0.25,1.0,ok,0.00262095067520199,1.2706666666666668,3.1766666666666667,1.1329333333333322,0.8916054564533044,3,0,0,3,12104,47955.9999999999,60059.9999999999,0.9999999999999997,"[0, 3, 4]","[0.999999999999999, 0.0, 0.0, 0.9999999999999999, 1.0, 0.0]","[4.006045949214026, 3.012678588324344, 4.467881408276714, 4.218104296490653, 3.7662601626016254, 1.4490568418396315]","[16564.999999999996, 31840.999999999993, 28934.0, 12861.0, 18529.999999999996, 22969.0]",0.0,1
three_state,0.4,0.25,0.25,1.0,ok,0.00262095067520199,1.2706666666666668,3.1766666666666667,1.1329333333333331,0.891605456453305,3,0,0,3,12104,47955.99999999999,60060.0,1.0,"[0, 3, 4]","[1.0, 0.0, 0.0, 1.0, 1.0, 0.0]","[4.006045949214026, 3.012678588324344, 4.467881408276714, 4.218104296490653, 3.7662601626016254, 1.4490568418396315]","[16564.999999999996, 31840.999999999993, 28934.0, 12861.0, 18529.999999999996, 22969.0]",0.0,0
no_aigc,0.4,0.25,0.25,1.0,ok,0.42779808189943075,1.2706666666666668,3.1766666666666667,0.25,0.19674711437565578,6,6,0,0,45000,0.0,45000.0,0.0,"[0, 1, 2, 3, 4, 5]","[0.0, 0.0, 0.0, 0.0, 0.0, 0.0]","[4.006045949214026, 3.012678588324344, 4.467881408276714, 4.218104296490653, 3.7662601626016254, 1.4490568418396315]","[16564.999999999996, 31840.999999999993, 28934.0, 12861.0, 18529.999999999996, 22969.0]",0.0,0
continuous,0.5,0.25,0.25,1.0,ok,0.0026208712792488574,1.5883333333333334,3.1766666666666667,1.5091499989857464,0.9501469038735024,3,0,0,3,15531,64028.99986266039,79559.99986266039,0.9999999997106345,"[0, 2, 4]","[1.0, 0.0, 0.9999999991319031, 0.0, 1.0, 0.0]","[4.006045949214026, 3.012678588324344, 4.467881408276714, 4.218104296490653, 3.7662601626016254, 1.4490568418396315]","[16564.999999999996, 31840.999999999993, 28934.0, 12861.0, 18529.999999999996, 22969.0]",2.2456441307189268e-10,0
three_state,0.5,0.25,0.25,1.0,ok,0.0026208712792488566,1.5883333333333334,3.1766666666666667,1.5091499999999998,0.950146904512067,3,0,0,3,15531,64029.0,79560.0,1.0,"[0, 2, 4]","[1.0, 0.0, 1.0, 0.0, 1.0, 0.0]","[4.006045949214026, 3.012678588324344, 4.467881408276714, 4.218104296490653, 3.7662601626016254, 1.4490568418396315]","[16564.999999999996, 31840.999999999993, 28934.0, 12861.0, 18529.999999999996, 22969.0]",0.0,0
no_aigc,0.5,0.25,0.25,1.0,ok,0.42779808189943075,1.5883333333333334,3.1766666666666667,0.25,0.15739769150052466,6,6,0,0,45000,0.0,45000.0,0.0,"[0, 1, 2, 3, 4, 5]","[0.0, 0.0, 0.0, 0.0, 0.0, 0.0]","[4.006045949214026, 3.012678588324344, 4.467881408276714, 4.218104296490653, 3.7662601626016254, 1.4490568418396315]","[16564.999999999996, 31840.999999999993, 28934.0, 12861.0, 18529.999999999996, 22969.0]",0.0,0
continuous,0.02,0.5,0.5,1.0,ok,2.453321466748817,0.06853333333333333,3.4266666666666667,0.06853333333333333,1.0,1,0,1,0,3049,918.9666441801594,3967.966644180159,0.28650168251841696,[3],"[0.0, 0.0, 0.0, 0.28650168251841696, 0.0, 0.0]","[4.006045949214026, 3.012678588324344, 4.467881408276714, 4.218104296490653, 3.7662601626016254, 1.4490568418396315]","[16564.999999999996, 31840.999999999993, 28934.0, 12861.0, 18529.999999999996, 22969.0]",2.220446049250313e-14,0
three_state,0.02,0.5,0.5,1.0,ok,3.869395997059535,0.06853333333333333,3.4266666666666667,0.04594444444444445,0.6703955901426719,1,1,0,0,4135,0.0,4135.0,0.0,[0],"[0.0, 0.0, 0.0, 0.0, 0.0, 0.0]","[4.006045949214026, 3.012678588324344, 4.467881408276714, 4.218104296490653, 3.7662601626016254, 1.4490568418396315]","[16564.999999999996, 31840.999999999993, 28934.0, 12861.0, 18529.999999999996, 22969.0]",0.0,0
no_aigc,0.02,0.5,0.5,1.0,ok,3.869395997059535,0.06853333333333333,3.4266666666666667,0.04594444444444445,0.6703955901426719,1,1,0,0,4135,0.0,4135.0,0.0,[0],"[0.0, 0.0, 0.0, 0.0, 0.0, 0.0]","[4.006045949214026, 3.012678588324344, 4.467881408276714, 4.218104296490653, 3.7662601626016254, 1.4490568418396315]","[16564.999999999996, 31840.999999999993, 28934.0, 12861.0, 18529.999999999996, 22969.0]",0.0,0
continuous,0.04,0.5,0.5,1.0,ok,0.9338251047586116,0.13706666666666667,3.4266666666666667,0.13706666666666667,1.0,1,0,1,0,3049,2523.539509054034,5572.539509054034,0.5602119822966457,[3],"[0.0, 0.0, 0.0, 0.5602119822966457, 0.0, 0.0]","[4.006045949214026, 3.012678588324344, 4.467881408276714, 4.218104296490653, 3.7662601626016254, 1.4490568418396315]","[16564.999999999996, 31840.999999999993, 28934.0, 12861.0, 18529.999999999996, 22969.0]",2.6978419498391304e-14,1
three_state,0.04,0.5,0.5,1.0,ok,2.355510089250443,0.13706666666666667,3.4266666666666667,0.07982222222222222,0.582360570687419,2,2,0,0,7184,0.0,7184.0,0.0,"[0, 3]","[0.0, 0.0, 0.0, 0.0, 0.0, 0.0]","[4.006045949214026, 3.012678588324344, 4.467881408276714, 4.218104296490653, 3.7662601626016254, 1.4490568418396315]","[16564.999999999996, 31840.999999999993, 28934.0, 12861.0, 18529.999999999996, 22969.0]",0.0,0
no_aigc,0.04,0.5,0.5,1.0,ok,2.355510089250443,0.13706666666666667,3.4266666666666667,0.07982222222222222,0.582360570687419,2,2,0,0,7184,0.0,7184.0,0.0,"[0, 3]","[0.0, 0.0, 0.0, 0.0, 0.0, 0.0]","[4.006045949214026, 3.012678588324344, 4.467881408276714, 4.218104296490653, 3.7662601626016254, 1.4490568418396315]","[16564.999999999996, 31840.999999999993, 28934.0, 12861.0, 18529.999999999996, 22969.0]",0.0,0
continuous,0.06,0.5,0.5,1.0,ok,0.29953690480487644,0.2056,3.4266666666666667,0.20559999999999998,0.9999999999999999,1,0,1,0,3049,4722.2910715057415,7771.2910715057415,0.751718118860895,[3],"[0.0, 0.0, 0.0, 0.751718118860895, 0.0, 0.0]","[4.006045949214026, 3.012678588324344, 4.467881408276714, 4.218104296490653, 3.7662601626016254, 1.4490568418396315]","[16564.999999999996, 31840.999999999993, 28934.0, 12861.0, 18529.999999999996, 22969.0]",2.4424906541753444e-15,2
three_state,0.06,0.5,0.5,1.0,ok,1.3480340109827953,0.2056,3.4266666666666667,0.19725555555555557,0.9594141807176827,3,3,0,0,17753,0.0,17753.0,0.0,"[0, 1, 3]","[0.0, 0.0, 0.0, 0.0, 0.0, 0.0]","[4.006045949214026, 3.012678588324344, 4.467881408276714, 4.218104296490653, 3.7662601626016254, 1.4490568418396315]","[16564.999999999996, 31840.999999999993, 28934.0, 12861.0, 18529.999999999996, 22969.0]",0.0,0
no_aigc,0.06,0.5,0.5,1.0,ok,1.3480340109827953,0.2056,3.4266666666666667,0.19725555555555557,0.9594141807176827,3,3,0,0,17753,0.0,17753.0,0.0,"[0, 1, 3]","[0.0, 0.0, 0.0, 0.0, 0.0, 0.0]","[4.006045949214026, 3.012678588324344, 4.467881408276714, 4.218104296490653, 3.7662601626016254, 1.4490568418396315]","[16564.999999999996, 31840.999999999993, 28934.0, 12861.0, 18529.999999999996, 22969.0]",0.0,0
continuous,0.08,0.5,0.5,1.0,ok,0.043459025000113574,0.27413333333333334,3.4266666666666667,0.27413333333333334,1.0,1,0,1,0,3049,8416.549962444296,11465.549962444296,0.9081020500274759,[3],"[0.0, 0.0, 0.0, 0.9081020500274759, 0.0, 0.0]","[4.006045949214026, 3.012678588324344, 4.467881408276714, 4.218104296490653, 3.7662601626016254, 1.4490568418396315]","[16564.999999999996, 31840.999999999993, 28934.0, 12861.0, 18529.999999999996, 22969.0]",7.798761636479412e-13,2
three_state,0.08,0.5,0.5,1.0,ok,1.0663751533052228,0.27413333333333334,3.4266666666666667,0.2646666666666667,0.965466926070039,3,3,0,0,23820,0.0,23820.0,0.0,"[3, 4, 5]","[0.0, 0.0, 0.0, 0.0, 0.0, 0.0]","[4.006045949214026, 3.012678588324344, 4.467881408276714, 4.218104296490653, 3.7662601626016254, 1.4490568418396315]","[16564.999999999996, 31840.999999999993, 28934.0, 12861.0, 18529.999999999996, 22969.0]",0.0,0
no_aigc,0.08,0.5,0.5,1.0,ok,1.0663751533052228,0.27413333333333334,3.4266666666666667,0.2646666666666667,0.965466926070039,3,3,0,0,23820,0.0,23820.0,0.0,"[3, 4, 5]","[0.0, 0.0, 0.0, 0.0, 0.0, 0.0]","[4.006045949214026, 3.012678588324344, 4.467881408276714, 4.218104296490653, 3.7662601626016254, 1.4490568418396315]","[16564.999999999996, 31840.999999999993, 28934.0, 12861.0, 18529.999999999996, 22969.0]",0.0,0
continuous,0.1,0.5,0.5,1.0,ok,0.002806921292897905,0.3426666666666667,3.4266666666666667,0.3196777777776592,0.932911802853091,1,0,0,1,3049,12860.999999984624,15909.999999984624,0.9999999999997708,[3],"[0.0, 0.0, 0.0, 0.9999999999997708, 0.0, 0.0]","[4.006045949214026, 3.012678588324344, 4.467881408276714, 4.218104296490653, 3.7662601626016254, 1.4490568418396315]","[16564.999999999996, 31840.999999999993, 28934.0, 12861.0, 18529.999999999996, 22969.0]",0.0,3
three_state,0.1,0.5,0.5,1.0,ok,0.002806921292897905,0.3426666666666667,3.4266666666666667,0.3196777777777777,0.9329118028534369,1,0,0,1,3049,12861.0,15910.0,1.0,[3],"[0.0, 0.0, 0.0, 1.0, 0.0, 0.0]","[4.006045949214026, 3.012678588324344, 4.467881408276714, 4.218104296490653, 3.7662601626016254, 1.4490568418396315]","[16564.999999999996, 31840.999999999993, 28934.0, 12861.0, 18529.999999999996, 22969.0]",0.0,0
no_aigc,0.1,0.5,0.5,1.0,ok,0.6861087845293953,0.3426666666666667,3.4266666666666667,0.32743333333333335,0.9555447470817121,3,3,0,0,29469,0.0,29469.0,0.0,"[1, 3, 5]","[0.0, 0.0, 0.0, 0.0, 0.0, 0.0]","[4.006045949214026, 3.012678588324344, 4.467881408276714, 4.218104296490653, 3.7662601626016254, 1.4490568418396315]","[16564.999999999996, 31840.999999999993, 28934.0, 12861.0, 18529.999999999996, 22969.0]",0.0,0
continuous,0.15,0.5,0.5,1.0,ok,0.002806921292897905,0.514,3.4266666666666667,0.46644444444438543,0.9074794638995826,1,0,0,1,4920,18529.99999999294,23449.99999999294,0.9999999999999201,[4],"[0.0, 0.0, 0.0, 0.0, 0.9999999999999201, 0.0]","[4.006045949214026, 3.012678588324344, 4.467881408276714, 4.218104296490653, 3.7662601626016254, 1.4490568418396315]","[16564.999999999996, 31840.999999999993, 28934.0, 12861.0, 18529.999999999996, 22969.0]",0.0,7
three_state,0.15,0.5,0.5,1.0,ok,0.002806921292897905,0.514,3.4266666666666667,0.4664444444444444,0.9074794638996972,1,0,0,1,4920,18529.999999999996,23449.999999999996,1.0,[4],"[0.0, 0.0, 0.0, 0.0, 1.0, 0.0]","[4.006045949214026, 3.012678588324344, 4.467881408276714, 4.218104296490653, 3.7662601626016254, 1.4490568418396315]","[16564.999999999996, 31840.999999999993, 28934.0, 12861.0, 18529.999999999996, 22969.0]",0.0,0
no_aigc,0.15,0.5,0.5,1.0,ok,0.42779808189943075,0.514,3.4266666666666667,0.5,0.9727626459143969,6,6,0,0,45000,0.0,45000.0,0.0,"[0, 1, 2, 3, 4, 5]","[0.0, 0.0, 0.0, 0.0, 0.0, 0.0]","[4.006045949214026, 3.012678588324344, 4.467881408276714, 4.218104296490653, 3.7662601626016254, 1.4490568418396315]","[16564.999999999996, 31840.999999999993, 28934.0, 12861.0, 18529.999999999996, 22969.0]",0.0,0
continuous,0.2,0.5,0.5,1.0,ok,0.002806921292897905,0.6853333333333333,3.4266666666666667,0.46644444444438543,0.6806095979246869,1,0,0,1,4920,18529.99999999294,23449.99999999294,0.9999999999999201,[4],"[0.0, 0.0, 0.0, 0.0, 0.9999999999999201, 0.0]","[4.006045949214026, 3.012678588324344, 4.467881408276714, 4.218104296490653, 3.7662601626016254, 1.4490568418396315]","[16564.999999999996, 31840.999999999993, 28934.0, 12861.0, 18529.999999999996, 22969.0]",0.0,9
three_state,0.2,0.5,0.5,1.0,ok,0.002806921292897905,0.6853333333333333,3.4266666666666667,0.4664444444444444,0.6806095979247729,1,0,0,1,4920,18529.999999999996,23449.999999999996,1.0,[4],"[0.0, 0.0, 0.0, 0.0, 1.0, 0.0]","[4.006045949214026, 3.012678588324344, 4.467881408276714, 4.218104296490653, 3.7662601626016254, 1.4490568418396315]","[16564.999999999996, 31840.999999999993, 28934.0, 12861.0, 18529.999999999996, 22969.0]",0.0,0
no_aigc,0.2,0.5,0.5,1.0,ok,0.42779808189943075,0.6853333333333333,3.4266666666666667,0.5,0.7295719844357976,6,6,0,0,45000,0.0,45000.0,0.0,"[0, 1, 2, 3, 4, 5]","[0.0, 0.0, 0.0, 0.0, 0.0, 0.0]","[4.006045949214026, 3.012678588324344, 4.467881408276714, 4.218104296490653, 3.7662601626016254, 1.4490568418396315]","[16564.999999999996, 31840.999999999993, 28934.0, 12861.0, 18529.999999999996, 22969.0]",0.0,0
continuous,0.3,0.5,0.5,1.0,ok,0.0026659433920892136,1.028,3.4266666666666667,0.8804999999999972,0.8565175097276236,2,0,0,2,9055,35094.99999999968,44149.99999999968,0.9999999999999982,"[0, 4]","[1.0, 0.0, 0.0, 0.0, 0.9999999999999964, 0.0]","[4.006045949214026, 3.012678588324344, 4.467881408276714, 4.218104296490653, 3.7662601626016254, 1.4490568418396315]","[16564.999999999996, 31840.999999999993, 28934.0, 12861.0, 18529.999999999996, 22969.0]",2.3765711620882257e-16,5
three_state,0.3,0.5,0.5,1.0,ok,0.0026659433920892136,1.028,3.4266666666666667,0.8804999999999998,0.8565175097276263,2,0,0,2,9055,35094.99999999999,44149.99999999999,1.0,"[0, 4]","[1.0, 0.0, 0.0, 0.0, 1.0, 0.0]","[4.006045949214026, 3.012678588324344, 4.467881408276714, 4.218104296490653, 3.7662601626016254, 1.4490568418396315]","[16564.999999999996, 31840.999999999993, 28934.0, 12861.0, 18529.999999999996, 22969.0]",0.0,0
no_aigc,0.3,0.5,0.5,1.0,ok,0.42779808189943075,1.028,3.4266666666666667,0.5,0.48638132295719844,6,6,0,0,45000,0.0,45000.0,0.0,"[0, 1, 2, 3, 4, 5]","[0.0, 0.0, 0.0, 0.0, 0.0, 0.0]","[4.006045949214026, 3.012678588324344, 4.467881408276714, 4.218104296490653, 3.7662601626016254, 1.4490568418396315]","[16564.999999999996, 31840.999999999993, 28934.0, 12861.0, 18529.999999999996, 22969.0]",0.0,0
continuous,0.4,0.5,0.5,1.0,ok,0.00262095067520199,1.3706666666666667,3.4266666666666667,1.200177777777777,0.8756160830090784,3,0,0,3,12104,47955.9999999999,60059.9999999999,0.9999999999999997,"[0, 3, 4]","[0.999999999999999, 0.0, 0.0, 0.9999999999999999, 1.0, 0.0]","[4.006045949214026, 3.012678588324344, 4.467881408276714, 4.218104296490653, 3.7662601626016254, 1.4490568418396315]","[16564.999999999996, 31840.999999999993, 28934.0, 12861.0, 18529.999999999996, 22969.0]",0.0,0
three_state,0.4,0.5,0.5,1.0,ok,0.00262095067520199,1.3706666666666667,3.4266666666666667,1.2001777777777776,0.8756160830090789,3,0,0,3,12104,47955.99999999999,60060.0,1.0,"[0, 3, 4]","[1.0, 0.0, 0.0, 1.0, 1.0, 0.0]","[4.006045949214026, 3.012678588324344, 4.467881408276714, 4.218104296490653, 3.7662601626016254, 1.4490568418396315]","[16564.999999999996, 31840.999999999993, 28934.0, 12861.0, 18529.999999999996, 22969.0]",0.0,0
no_aigc,0.4,0.5,0.5,1.0,ok,0.42779808189943075,1.3706666666666667,3.4266666666666667,0.5,0.3647859922178988,6,6,0,0,45000,0.0,45000.0,0.0,"[0, 1, 2, 3, 4, 5]","[0.0, 0.0, 0.0, 0.0, 0.0, 0.0]","[4.006045949214026, 3.012678588324344, 4.467881408276714, 4.218104296490653, 3.7662601626016254, 1.4490568418396315]","[16564.999999999996, 31840.999999999993, 28934.0, 12861.0, 18529.999999999996, 22969.0]",0.0,0
continuous,0.5,0.5,0.5,1.0,ok,0.0026208712792488574,1.7133333333333334,3.4266666666666667,1.59543333231908,0.9311867698360389,3,0,0,3,15531,64028.99986266039,79559.99986266039,0.9999999997106345,"[0, 2, 4]","[1.0, 0.0, 0.9999999991319031, 0.0, 1.0, 0.0]","[4.006045949214026, 3.012678588324344, 4.467881408276714, 4.218104296490653, 3.7662601626016254, 1.4490568418396315]","[16564.999999999996, 31840.999999999993, 28934.0, 12861.0, 18529.999999999996, 22969.0]",2.2456441307189268e-10,0
three_state,0.5,0.5,0.5,1.0,ok,0.0026208712792488566,1.7133333333333334,3.4266666666666667,1.5954333333333333,0.9311867704280155,3,0,0,3,15531,64029.0,79560.0,1.0,"[0, 2, 4]","[1.0, 0.0, 1.0, 0.0, 1.0, 0.0]","[4.006045949214026, 3.012678588324344, 4.467881408276714, 4.218104296490653, 3.7662601626016254, 1.4490568418396315]","[16564.999999999996, 31840.999999999993, 28934.0, 12861.0, 18529.999999999996, 22969.0]",0.0,0
no_aigc,0.5,0.5,0.5,1.0,ok,0.42779808189943075,1.7133333333333334,3.4266666666666667,0.5,0.2918287937743191,6,6,0,0,45000,0.0,45000.0,0.0,"[0, 1, 2, 3, 4, 5]","[0.0, 0.0, 0.0, 0.0, 0.0, 0.0]","[4.006045949214026, 3.012678588324344, 4.467881408276714, 4.218104296490653, 3.7662601626016254, 1.4490568418396315]","[16564.999999999996, 31840.999999999993, 28934.0, 12861.0, 18529.999999999996, 22969.0]",0.0,0
continuous,0.02,1.0,1.0,1.0,ok,3.6643353743865283,0.07853333333333333,3.9266666666666663,0.07853333333333333,1.0,1,0,1,0,3049,351.4035961540781,3400.403596154078,0.1278412993993026,[3],"[0.0, 0.0, 0.0, 0.1278412993993026, 0.0, 0.0]","[4.006045949214026, 3.012678588324344, 4.467881408276714, 4.218104296490653, 3.7662601626016254, 1.4490568418396315]","[16564.999999999996, 31840.999999999993, 28934.0, 12861.0, 18529.999999999996, 22969.0]",3.952393967665557e-14,0
three_state,0.02,1.0,1.0,1.0,ok,4.8164222117692885,0.07853333333333333,3.9266666666666663,0.06775555555555555,0.8627617430673458,1,1,0,0,3049,0.0,3049.0,0.0,[3],"[0.0, 0.0, 0.0, 0.0, 0.0, 0.0]","[4.006045949214026, 3.012678588324344, 4.467881408276714, 4.218104296490653, 3.7662601626016254, 1.4490568418396315]","[16564.999999999996, 31840.999999999993, 28934.0, 12861.0, 18529.999999999996, 22969.0]",0.0,0
no_aigc,0.02,1.0,1.0,1.0,ok,4.8164222117692885,0.07853333333333333,3.9266666666666663,0.06775555555555555,0.8627617430673458,1,1,0,0,3049,0.0,3049.0,0.0,[3],"[0.0, 0.0, 0.0, 0.0, 0.0, 0.0]","[4.006045949214026, 3.012678588324344, 4.467881408276714, 4.218104296490653, 3.7662601626016254, 1.4490568418396315]","[16564.999999999996, 31840.999999999993, 28934.0, 12861.0, 18529.999999999996, 22969.0]",0.0,0
continuous,0.04,1.0,1.0,1.0,ok,1.137813345738403,0.15706666666666666,3.9266666666666663,0.15706666666666663,0.9999999999999998,1,0,1,0,3049,2170.405768371837,5219.4057683718365,0.5144170034086041,[3],"[0.0, 0.0, 0.0, 0.5144170034086041, 0.0, 0.0]","[4.006045949214026, 3.012678588324344, 4.467881408276714, 4.218104296490653, 3.7662601626016254, 1.4490568418396315]","[16564.999999999996, 31840.999999999993, 28934.0, 12861.0, 18529.999999999996, 22969.0]",1.532107773982716e-14,1
three_state,0.04,1.0,1.0,1.0,ok,3.869395997059535,0.15706666666666666,3.9266666666666663,0.0918888888888889,0.5850311262026033,1,1,0,0,4135,0.0,4135.0,0.0,[0],"[0.0, 0.0, 0.0, 0.0, 0.0, 0.0]","[4.006045949214026, 3.012678588324344, 4.467881408276714, 4.218104296490653, 3.7662601626016254, 1.4490568418396315]","[16564.999999999996, 31840.999999999993, 28934.0, 12861.0, 18529.999999999996, 22969.0]",0.0,0
no_aigc,0.04,1.0,1.0,1.0,ok,3.869395997059535,0.15706666666666666,3.9266666666666663,0.0918888888888889,0.5850311262026033,1,1,0,0,4135,0.0,4135.0,0.0,[0],"[0.0, 0.0, 0.0, 0.0, 0.0, 0.0]","[4.006045949214026, 3.012678588324344, 4.467881408276714, 4.218104296490653, 3.7662601626016254, 1.4490568418396315]","[16564.999999999996, 31840.999999999993, 28934.0, 12861.0, 18529.999999999996, 22969.0]",0.0,0
continuous,0.06,1.0,1.0,1.0,ok,0.32316955668478625,0.23559999999999998,3.9266666666666663,0.23559999999999998,1.0,1,0,1,0,3049,4570.058399462952,7619.058399462952,0.7420204743938174,[3],"[0.0, 0.0, 0.0, 0.7420204743938174, 0.0, 0.0]","[4.006045949214026, 3.012678588324344, 4.467881408276714, 4.218104296490653, 3.7662601626016254, 1.4490568418396315]","[16564.999999999996, 31840.999999999993, 28934.0, 12861.0, 18529.999999999996, 22969.0]",2.4424906541753444e-15,2
three_state,0.06,1.0,1.0,1.0,ok,2.355510089250443,0.23559999999999998,3.9266666666666663,0.15964444444444445,0.6776079984908508,2,2,0,0,7184,0.0,7184.0,0.0,"[0, 3]","[0.0, 0.0, 0.0, 0.0, 0.0, 0.0]","[4.006045949214026, 3.012678588324344, 4.467881408276714, 4.218104296490653, 3.7662601626016254, 1.4490568418396315]","[16564.999999999996, 31840.999999999993, 28934.0, 12861.0, 18529.999999999996, 22969.0]",0.0,0
no_aigc,0.06,1.0,1.0,1.0,ok,2.355510089250443,0.23559999999999998,3.9266666666666663,0.15964444444444445,0.6776079984908508,2,2,0,0,7184,0.0,7184.0,0.0,"[0, 3]","[0.0, 0.0, 0.0, 0.0, 0.0, 0.0]","[4.006045949214026, 3.012678588324344, 4.467881408276714, 4.218104296490653, 3.7662601626016254, 1.4490568418396315]","[16564.999999999996, 31840.999999999993, 28934.0, 12861.0, 18529.999999999996, 22969.0]",0.0,0
continuous,0.08,1.0,1.0,1.0,ok,0.03290346291642301,0.3141333333333333,3.9266666666666663,0.3141333333333332,0.9999999999999997,1,0,1,0,3049,8881.705735001991,11930.705735001991,0.9209280210782067,[3],"[0.0, 0.0, 0.0, 0.9209280210782067, 0.0, 0.0]","[4.006045949214026, 3.012678588324344, 4.467881408276714, 4.218104296490653, 3.7662601626016254, 1.4490568418396315]","[16564.999999999996, 31840.999999999993, 28934.0, 12861.0, 18529.999999999996, 22969.0]",1.5057399771478686e-15,0
three_state,0.08,1.0,1.0,1.0,ok,1.895839858958707,0.3141333333333333,3.9266666666666663,0.3035555555555556,0.9663271080928127,3,3,0,0,13660,0.0,13660.0,0.0,"[0, 2, 3]","[0.0, 0.0, 0.0, 0.0, 0.0, 0.0]","[4.006045949214026, 3.012678588324344, 4.467881408276714, 4.218104296490653, 3.7662601626016254, 1.4490568418396315]","[16564.999999999996, 31840.999999999993, 28934.0, 12861.0, 18529.999999999996, 22969.0]",0.0,0
no_aigc,0.08,1.0,1.0,1.0,ok,1.895839858958707,0.3141333333333333,3.9266666666666663,0.3035555555555556,0.9663271080928127,3,3,0,0,13660,0.0,13660.0,0.0,"[0, 2, 3]","[0.0, 0.0, 0.0, 0.0, 0.0, 0.0]","[4.006045949214026, 3.012678588324344, 4.467881408276714, 4.218104296490653, 3.7662601626016254, 1.4490568418396315]","[16564.999999999996, 31840.999999999993, 28934.0, 12861.0, 18529.999999999996, 22969.0]",0.0,0
continuous,0.1,1.0,1.0,1.0,ok,0.002806921292897905,0.39266666666666666,3.9266666666666663,0.353555555555437,0.9003961516691944,1,0,0,1,3049,12860.999999984624,15909.999999984624,0.9999999999997708,[3],"[0.0, 0.0, 0.0, 0.9999999999997708, 0.0, 0.0]","[4.006045949214026, 3.012678588324344, 4.467881408276714, 4.218104296490653, 3.7662601626016254, 1.4490568418396315]","[16564.999999999996, 31840.999999999993, 28934.0, 12861.0, 18529.999999999996, 22969.0]",0.0,2
three_state,0.1,1.0,1.0,1.0,ok,0.002806921292897905,0.39266666666666666,3.9266666666666663,0.3535555555555555,0.9003961516694963,1,0,0,1,3049,12861.0,15910.0,1.0,[3],"[0.0, 0.0, 0.0, 1.0, 0.0, 0.0]","[4.006045949214026, 3.012678588324344, 4.467881408276714, 4.218104296490653, 3.7662601626016254, 1.4490568418396315]","[16564.999999999996, 31840.999999999993, 28934.0, 12861.0, 18529.999999999996, 22969.0]",0.0,0
no_aigc,0.1,1.0,1.0,1.0,ok,1.764404284594298,0.39266666666666666,3.9266666666666663,0.35224444444444447,0.8970571590265989,1,1,0,0,15851,0.0,15851.0,0.0,[5],"[0.0, 0.0, 0.0, 0.0, 0.0, 0.0]","[4.006045949214026, 3.012678588324344, 4.467881408276714, 4.218104296490653, 3.7662601626016254, 1.4490568418396315]","[16564.999999999996, 31840.999999999993, 28934.0, 12861.0, 18529.999999999996, 22969.0]",0.0,0
continuous,0.15,1.0,1.0,1.0,ok,0.002806921292897905,0.589,3.9266666666666663,0.5211111111110521,0.8847387285416844,1,0,0,1,4920,18529.99999999294,23449.99999999294,0.9999999999999201,[4],"[0.0, 0.0, 0.0, 0.0, 0.9999999999999201, 0.0]","[4.006045949214026, 3.012678588324344, 4.467881408276714, 4.218104296490653, 3.7662601626016254, 1.4490568418396315]","[16564.999999999996, 31840.999999999993, 28934.0, 12861.0, 18529.999999999996, 22969.0]",0.0,6
three_state,0.15,1.0,1.0,1.0,ok,0.002806921292897905,0.589,3.9266666666666663,0.5211111111111111,0.8847387285417846,1,0,0,1,4920,18529.999999999996,23449.999999999996,1.0,[4],"[0.0, 0.0, 0.0, 0.0, 1.0, 0.0]","[4.006045949214026, 3.012678588324344, 4.467881408276714, 4.218104296490653, 3.7662601626016254, 1.4490568418396315]","[16564.999999999996, 31840.999999999993, 28934.0, 12861.0, 18529.999999999996, 22969.0]",0.0,0
no_aigc,0.15,1.0,1.0,1.0,ok,0.8373840275716606,0.589,3.9266666666666663,0.5639111111111111,0.9574042633465385,3,3,0,0,25376,0.0,25376.0,0.0,"[2, 3, 5]","[0.0, 0.0, 0.0, 0.0, 0.0, 0.0]","[4.006045949214026, 3.012678588324344, 4.467881408276714, 4.218104296490653, 3.7662601626016254, 1.4490568418396315]","[16564.999999999996, 31840.999999999993, 28934.0, 12861.0, 18529.999999999996, 22969.0]",0.0,0
continuous,0.2,1.0,1.0,1.0,ok,0.002806921292897905,0.7853333333333333,3.9266666666666663,0.5211111111110521,0.6635540464062634,1,0,0,1,4920,18529.99999999294,23449.99999999294,0.9999999999999201,[4],"[0.0, 0.0, 0.0, 0.0, 0.9999999999999201, 0.0]","[4.006045949214026, 3.012678588324344, 4.467881408276714, 4.218104296490653, 3.7662601626016254, 1.4490568418396315]","[16564.999999999996, 31840.999999999993, 28934.0, 12861.0, 18529.999999999996, 22969.0]",0.0,8
three_state,0.2,1.0,1.0,1.0,ok,0.002806921292897905,0.7853333333333333,3.9266666666666663,0.5211111111111111,0.6635540464063384,1,0,0,1,4920,18529.999999999996,23449.999999999996,1.0,[4],"[0.0, 0.0, 0.0, 0.0, 1.0, 0.0]","[4.006045949214026, 3.012678588324344, 4.467881408276714, 4.218104296490653, 3.7662601626016254, 1.4490568418396315]","[16564.999999999996, 31840.999999999993, 28934.0, 12861.0, 18529.999999999996, 22969.0]",0.0,0
no_aigc,0.2,1.0,1.0,1.0,ok,0.5866558326429462,0.7853333333333333,3.9266666666666663,0.7467555555555556,0.9508771929824562,4,4,0,0,33604,0.0,33604.0,0.0,"[0, 1, 3, 5]","[0.0, 0.0, 0.0, 0.0, 0.0, 0.0]","[4.006045949214026, 3.012678588324344, 4.467881408276714, 4.218104296490653, 3.7662601626016254, 1.4490568418396315]","[16564.999999999996, 31840.999999999993, 28934.0, 12861.0, 18529.999999999996, 22969.0]",0.0,0
continuous,0.3,1.0,1.0,1.0,ok,0.0026659433920892136,1.178,3.9266666666666663,0.9811111111111084,0.8328617242029783,2,0,0,2,9055,35094.99999999968,44149.99999999968,0.9999999999999982,"[0, 4]","[1.0, 0.0, 0.0, 0.0, 0.9999999999999964, 0.0]","[4.006045949214026, 3.012678588324344, 4.467881408276714, 4.218104296490653, 3.7662601626016254, 1.4490568418396315]","[16564.999999999996, 31840.999999999993, 28934.0, 12861.0, 18529.999999999996, 22969.0]",2.3765711620882257e-16,3
three_state,0.3,1.0,1.0,1.0,ok,0.0026659433920892136,1.178,3.9266666666666663,0.981111111111111,0.8328617242029805,2,0,0,2,9055,35094.99999999999,44149.99999999999,1.0,"[0, 4]","[1.0, 0.0, 0.0, 0.0, 1.0, 0.0]","[4.006045949214026, 3.012678588324344, 4.467881408276714, 4.218104296490653, 3.7662601626016254, 1.4490568418396315]","[16564.999999999996, 31840.999999999993, 28934.0, 12861.0, 18529.999999999996, 22969.0]",0.0,0
no_aigc,0.3,1.0,1.0,1.0,ok,0.42779808189943075,1.178,3.9266666666666663,1.0,0.8488964346349746,6,6,0,0,45000,0.0,45000.0,0.0,"[0, 1, 2, 3, 4, 5]","[0.0, 0.0, 0.0, 0.0, 0.0, 0.0]","[4.006045949214026, 3.012678588324344, 4.467881408276714, 4.218104296490653, 3.7662601626016254, 1.4490568418396315]","[16564.999999999996, 31840.999999999993, 28934.0, 12861.0, 18529.999999999996, 22969.0]",0.0,0
continuous,0.4,1.0,1.0,1.0,ok,0.00262095067520199,1.5706666666666667,3.9266666666666663,1.3346666666666658,0.8497453310696089,3,0,0,3,12104,47955.9999999999,60059.9999999999,0.9999999999999997,"[0, 3, 4]","[0.999999999999999, 0.0, 0.0, 0.9999999999999999, 1.0, 0.0]","[4.006045949214026, 3.012678588324344, 4.467881408276714, 4.218104296490653, 3.7662601626016254, 1.4490568418396315]","[16564.999999999996, 31840.999999999993, 28934.0, 12861.0, 18529.999999999996, 22969.0]",0.0,1
three_state,0.4,1.0,1.0,1.0,ok,0.00262095067520199,1.5706666666666667,3.9266666666666663,1.3346666666666667,0.8497453310696095,3,0,0,3,12104,47955.99999999999,60060.0,1.0,"[0, 3, 4]","[1.0, 0.0, 0.0, 1.0, 1.0, 0.0]","[4.006045949214026, 3.012678588324344, 4.467881408276714, 4.218104296490653, 3.7662601626016254, 1.4490568418396315]","[16564.999999999996, 31840.999999999993, 28934.0, 12861.0, 18529.999999999996, 22969.0]",0.0,0
no_aigc,0.4,1.0,1.0,1.0,ok,0.42779808189943075,1.5706666666666667,3.9266666666666663,1.0,0.6366723259762309,6,6,0,0,45000,0.0,45000.0,0.0,"[0, 1, 2, 3, 4, 5]","[0.0, 0.0, 0.0, 0.0, 0.0, 0.0]","[4.006045949214026, 3.012678588324344, 4.467881408276714, 4.218104296490653, 3.7662601626016254, 1.4490568418396315]","[16564.999999999996, 31840.999999999993, 28934.0, 12861.0, 18529.999999999996, 22969.0]",0.0,0
continuous,0.5,1.0,1.0,1.0,ok,0.0026208712792488574,1.9633333333333332,3.9266666666666663,1.7679999989857467,0.9005093373441835,3,0,0,3,15531,64028.99986266039,79559.99986266039,0.9999999997106345,"[0, 2, 4]","[1.0, 0.0, 0.9999999991319031, 0.0, 1.0, 0.0]","[4.006045949214026, 3.012678588324344, 4.467881408276714, 4.218104296490653, 3.7662601626016254, 1.4490568418396315]","[16564.999999999996, 31840.999999999993, 28934.0, 12861.0, 18529.999999999996, 22969.0]",2.2456441307189268e-10,1
three_state,0.5,1.0,1.0,1.0,ok,0.0026208712792488566,1.9633333333333332,3.9266666666666663,1.768,0.900509337860781,3,0,0,3,15531,64029.0,79560.0,1.0,"[0, 2, 4]","[1.0, 0.0, 1.0, 0.0, 1.0, 0.0]","[4.006045949214026, 3.012678588324344, 4.467881408276714, 4.218104296490653, 3.7662601626016254, 1.4490568418396315]","[16564.999999999996, 31840.999999999993, 28934.0, 12861.0, 18529.999999999996, 22969.0]",0.0,0
no_aigc,0.5,1.0,1.0,1.0,ok,0.42779808189943075,1.9633333333333332,3.9266666666666663,1.0,0.5093378607809848,6,6,0,0,45000,0.0,45000.0,0.0,"[0, 1, 2, 3, 4, 5]","[0.0, 0.0, 0.0, 0.0, 0.0, 0.0]","[4.006045949214026, 3.012678588324344, 4.467881408276714, 4.218104296490653, 3.7662601626016254, 1.4490568418396315]","[16564.999999999996, 31840.999999999993, 28934.0, 12861.0, 18529.999999999996, 22969.0]",0.0,0
continuous,0.02,2.0,2.0,1.0,infeasible,,,,,,,,,,,,,,,,,,,
three_state,0.02,2.0,2.0,1.0,infeasible,,,,,,,,,,,,,,,,,,,
no_aigc,0.02,2.0,2.0,1.0,infeasible,,,,,,,,,,,,,,,,,,,
continuous,0.04,2.0,2.0,1.0,ok,1.6723094583636948,0.19706666666666667,4.926666666666667,0.19706666666666667,1.0,1,0,1,0,3049,1517.4133888960537,4566.413388896053,0.4110778991435307,[3],"[0.0, 0.0, 0.0, 0.4110778991435307, 0.0, 0.0]","[4.006045949214026, 3.012678588324344, 4.467881408276714, 4.218104296490653, 3.7662601626016254, 1.4490568418396315]","[16564.999999999996, 31840.999999999993, 28934.0, 12861.0, 18529.999999999996, 22969.0]",7.882583474838611e-14,0
three_state,0.04,2.0,2.0,1.0,ok,3.869395997059535,0.19706666666666667,4.926666666666667,0.1837777777777778,0.9325665313486694,1,1,0,0,4135,0.0,4135.0,0.0,[0],"[0.0, 0.0, 0.0, 0.0, 0.0, 0.0]","[4.006045949214026, 3.012678588324344, 4.467881408276714, 4.218104296490653, 3.7662601626016254, 1.4490568418396315]","[16564.999999999996, 31840.999999999993, 28934.0, 12861.0, 18529.999999999996, 22969.0]",0.0,0
no_aigc,0.04,2.0,2.0,1.0,ok,3.869395997059535,0.19706666666666667,4.926666666666667,0.1837777777777778,0.9325665313486694,1,1,0,0,4135,0.0,4135.0,0.0,[0],"[0.0, 0.0, 0.0, 0.0, 0.0, 0.0]","[4.006045949214026, 3.012678588324344, 4.467881408276714, 4.218104296490653, 3.7662601626016254, 1.4490568418396315]","[16564.999999999996, 31840.999999999993, 28934.0, 12861.0, 18529.999999999996, 22969.0]",0.0,0
continuous,0.06,2.0,2.0,1.0,ok,0.3740473983609072,0.2956,4.926666666666667,0.29560000000000003,1.0000000000000002,1,0,1,0,3049,4278.033084572506,7327.033084572506,0.7222897099531945,[3],"[0.0, 0.0, 0.0, 0.7222897099531945, 0.0, 0.0]","[4.006045949214026, 3.012678588324344, 4.467881408276714, 4.218104296490653, 3.7662601626016254, 1.4490568418396315]","[16564.999999999996, 31840.999999999993, 28934.0, 12861.0, 18529.999999999996, 22969.0]",4.440892098500626e-16,0
three_state,0.06,2.0,2.0,1.0,ok,3.869395997059535,0.2956,4.926666666666667,0.1837777777777778,0.621711020899113,1,1,0,0,4135,0.0,4135.0,0.0,[0],"[0.0, 0.0, 0.0, 0.0, 0.0, 0.0]","[4.006045949214026, 3.012678588324344, 4.467881408276714, 4.218104296490653, 3.7662601626016254, 1.4490568418396315]","[16564.999999999996, 31840.999999999993, 28934.0, 12861.0, 18529.999999999996, 22969.0]",0.0,0
no_aigc,0.06,2.0,2.0,1.0,ok,3.869395997059535,0.2956,4.926666666666667,0.1837777777777778,0.621711020899113,1,1,0,0,4135,0.0,4135.0,0.0,[0],"[0.0, 0.0, 0.0, 0.0, 0.0, 0.0]","[4.006045949214026, 3.012678588324344, 4.467881408276714, 4.218104296490653, 3.7662601626016254, 1.4490568418396315]","[16564.999999999996, 31840.999999999993, 28934.0, 12861.0, 18529.999999999996, 22969.0]",0.0,0
continuous,0.08,2.0,2.0,1.0,ok,0.016782914968693344,0.39413333333333334,4.926666666666667,0.39413333333333334,1.0,1,0,1,0,3049,9914.561918583515,12963.561918583515,0.9461165172245972,[3],"[0.0, 0.0, 0.0, 0.9461165172245972, 0.0, 0.0]","[4.006045949214026, 3.012678588324344, 4.467881408276714, 4.218104296490653, 3.7662601626016254, 1.4490568418396315]","[16564.999999999996, 31840.999999999993, 28934.0, 12861.0, 18529.999999999996, 22969.0]",1.9081958235744878e-16,2
three_state,0.08,2.0,2.0,1.0,ok,2.355510089250443,0.39413333333333334,4.926666666666667,0.3192888888888889,0.8101037437979252,2,2,0,0,7184,0.0,7184.0,0.0,"[0, 3]","[0.0, 0.0, 0.0, 0.0, 0.0, 0.0]","[4.006045949214026, 3.012678588324344, 4.467881408276714, 4.218104296490653, 3.7662601626016254, 1.4490568418396315]","[16564.999999999996, 31840.999999999993, 28934.0, 12861.0, 18529.999999999996, 22969.0]",0.0,0
no_aigc,0.08,2.0,2.0,1.0,ok,2.355510089250443,0.39413333333333334,4.926666666666667,0.3192888888888889,0.8101037437979252,2,2,0,0,7184,0.0,7184.0,0.0,"[0, 3]","[0.0, 0.0, 0.0, 0.0, 0.0, 0.0]","[4.006045949214026, 3.012678588324344, 4.467881408276714, 4.218104296490653, 3.7662601626016254, 1.4490568418396315]","[16564.999999999996, 31840.999999999993, 28934.0, 12861.0, 18529.999999999996, 22969.0]",0.0,0
continuous,0.1,2.0,2.0,1.0,ok,0.002806921292897905,0.4926666666666667,4.926666666666667,0.42131111111099256,0.8551646368964666,1,0,0,1,3049,12860.999999984624,15909.999999984624,0.9999999999997708,[3],"[0.0, 0.0, 0.0, 0.9999999999997708, 0.0, 0.0]","[4.006045949214026, 3.012678588324344, 4.467881408276714, 4.218104296490653, 3.7662601626016254, 1.4490568418396315]","[16564.999999999996, 31840.999999999993, 28934.0, 12861.0, 18529.999999999996, 22969.0]",0.0,3
three_state,0.1,2.0,2.0,1.0,ok,0.002806921292897905,0.4926666666666667,4.926666666666667,0.4213111111111111,0.8551646368967072,1,0,0,1,3049,12861.0,15910.0,1.0,[3],"[0.0, 0.0, 0.0, 1.0, 0.0, 0.0]","[4.006045949214026, 3.012678588324344, 4.467881408276714, 4.218104296490653, 3.7662601626016254, 1.4490568418396315]","[16564.999999999996, 31840.999999999993, 28934.0, 12861.0, 18529.999999999996, 22969.0]",0.0,0
no_aigc,0.1,2.0,2.0,1.0,ok,2.355510089250443,0.4926666666666667,4.926666666666667,0.3192888888888889,0.6480829950383401,2,2,0,0,7184,0.0,7184.0,0.0,"[0, 3]","[0.0, 0.0, 0.0, 0.0, 0.0, 0.0]","[4.006045949214026, 3.012678588324344, 4.467881408276714, 4.218104296490653, 3.7662601626016254, 1.4490568418396315]","[16564.999999999996, 31840.999999999993, 28934.0, 12861.0, 18529.999999999996, 22969.0]",0.0,0
continuous,0.15,2.0,2.0,1.0,ok,0.002806921292897905,0.739,4.926666666666667,0.6304444444443854,0.8531047962711575,1,0,0,1,4920,18529.99999999294,23449.99999999294,0.9999999999999201,[4],"[0.0, 0.0, 0.0, 0.0, 0.9999999999999201, 0.0]","[4.006045949214026, 3.012678588324344, 4.467881408276714, 4.218104296490653, 3.7662601626016254, 1.4490568418396315]","[16564.999999999996, 31840.999999999993, 28934.0, 12861.0, 18529.999999999996, 22969.0]",0.0,2
three_state,0.15,2.0,2.0,1.0,ok,0.002806921292897905,0.739,4.926666666666667,0.6304444444444444,0.8531047962712373,1,0,0,1,4920,18529.999999999996,23449.999999999996,1.0,[4],"[0.0, 0.0, 0.0, 0.0, 1.0, 0.0]","[4.006045949214026, 3.012678588324344, 4.467881408276714, 4.218104296490653, 3.7662601626016254, 1.4490568418396315]","[16564.999999999996, 31840.999999999993, 28934.0, 12861.0, 18529.999999999996, 22969.0]",0.0,0
no_aigc,0.15,2.0,2.0,1.0,ok,1.764404284594298,0.739,4.926666666666667,0.7044888888888889,0.9533002556006617,1,1,0,0,15851,0.0,15851.0,0.0,[5],"[0.0, 0.0, 0.0, 0.0, 0.0, 0.0]","[4.006045949214026, 3.012678588324344, 4.467881408276714, 4.218104296490653, 3.7662601626016254, 1.4490568418396315]","[16564.999999999996, 31840.999999999993, 28934.0, 12861.0, 18529.999999999996, 22969.0]",0.0,0
continuous,0.2,2.0,2.0,1.0,ok,0.0026681218819164763,0.9853333333333334,4.926666666666667,0.973199999999999,0.9876860622462776,2,0,0,2,7184,29425.999999999876,36609.999999999876,0.9999999999999992,"[0, 3]","[0.9999999999999989, 0.0, 0.0, 0.9999999999999996, 0.0, 0.0]","[4.006045949214026, 3.012678588324344, 4.467881408276714, 4.218104296490653, 3.7662601626016254, 1.4490568418396315]","[16564.999999999996, 31840.999999999993, 28934.0, 12861.0, 18529.999999999996, 22969.0]",0.0,3
three_state,0.2,2.0,2.0,1.0,ok,0.0026681218819164763,0.9853333333333334,4.926666666666667,0.9732,0.9876860622462786,2,0,0,2,7184,29425.999999999996,36610.0,1.0,"[0, 3]","[1.0, 0.0, 0.0, 1.0, 0.0, 0.0]","[4.006045949214026, 3.012678588324344, 4.467881408276714, 4.218104296490653, 3.7662601626016254, 1.4490568418396315]","[16564.999999999996, 31840.999999999993, 28934.0, 12861.0, 18529.999999999996, 22969.0]",0.0,0
no_aigc,0.2,2.0,2.0,1.0,ok,1.0980927278952297,0.9853333333333334,4.926666666666667,0.9231555555555556,0.9368967072620659,2,2,0,0,20771,0.0,20771.0,0.0,"[4, 5]","[0.0, 0.0, 0.0, 0.0, 0.0, 0.0]","[4.006045949214026, 3.012678588324344, 4.467881408276714, 4.218104296490653, 3.7662601626016254, 1.4490568418396315]","[16564.999999999996, 31840.999999999993, 28934.0, 12861.0, 18529.999999999996, 22969.0]",0.0,0
continuous,0.3,2.0,2.0,1.0,ok,0.0026659433920892136,1.478,4.926666666666667,1.1823333333333306,0.7999548940009003,2,0,0,2,9055,35094.99999999968,44149.99999999968,0.9999999999999982,"[0, 4]","[1.0, 0.0, 0.0, 0.0, 0.9999999999999964, 0.0]","[4.006045949214026, 3.012678588324344, 4.467881408276714, 4.218104296490653, 3.7662601626016254, 1.4490568418396315]","[16564.999999999996, 31840.999999999993, 28934.0, 12861.0, 18529.999999999996, 22969.0]",2.3765711620882257e-16,7
three_state,0.3,2.0,2.0,1.0,ok,0.0026659433920892136,1.478,4.926666666666667,1.1823333333333332,0.799954894000902,2,0,0,2,9055,35094.99999999999,44149.99999999999,1.0,"[0, 4]","[1.0, 0.0, 0.0, 0.0, 1.0, 0.0]","[4.006045949214026, 3.012678588324344, 4.467881408276714, 4.218104296490653, 3.7662601626016254, 1.4490568418396315]","[16564.999999999996, 31840.999999999993, 28934.0, 12861.0, 18529.999999999996, 22969.0]",0.0,0
no_aigc,0.3,2.0,2.0,1.0,ok,0.596939700847705,1.478,4.926666666666667,1.3928888888888888,0.9424146744850398,3,3,0,0,31340,0.0,31340.0,0.0,"[1, 4, 5]","[0.0, 0.0, 0.0, 0.0, 0.0, 0.0]","[4.006045949214026, 3.012678588324344, 4.467881408276714, 4.218104296490653, 3.7662601626016254, 1.4490568418396315]","[16564.999999999996, 31840.999999999993, 28934.0, 12861.0, 18529.999999999996, 22969.0]",0.0,0
continuous,0.4,2.0,2.0,1.0,ok,0.00262095067520199,1.9706666666666668,4.926666666666667,1.6036444444444433,0.8137573297248528,3,0,0,3,12104,47955.9999999999,60059.9999999999,0.9999999999999997,"[0, 3, 4]","[0.999999999999999, 0.0, 0.0, 0.9999999999999999, 1.0, 0.0]","[4.006045949214026, 3.012678588324344, 4.467881408276714, 4.218104296490653, 3.7662601626016254, 1.4490568418396315]","[16564.999999999996, 31840.999999999993, 28934.0, 12861.0, 18529.999999999996, 22969.0]",0.0,2
three_state,0.4,2.0,2.0,1.0,ok,0.00262095067520199,1.9706666666666668,4.926666666666667,1.6036444444444444,0.8137573297248534,3,0,0,3,12104,47955.99999999999,60060.0,1.0,"[0, 3, 4]","[1.0, 0.0, 0.0, 1.0, 1.0, 0.0]","[4.006045949214026, 3.012678588324344, 4.467881408276714, 4.218104296490653, 3.7662601626016254, 1.4490568418396315]","[16564.999999999996, 31840.999999999993, 28934.0, 12861.0, 18529.999999999996, 22969.0]",0.0,0
no_aigc,0.4,2.0,2.0,1.0,ok,0.43855501359410975,1.9706666666666668,4.926666666666667,1.864488888888889,0.9461208840775823,5,5,0,0,41951,0.0,41951.0,0.0,"[0, 1, 2, 4, 5]","[0.0, 0.0, 0.0, 0.0, 0.0, 0.0]","[4.006045949214026, 3.012678588324344, 4.467881408276714, 4.218104296490653, 3.7662601626016254, 1.4490568418396315]","[16564.999999999996, 31840.999999999993, 28934.0, 12861.0, 18529.999999999996, 22969.0]",0.0,0
continuous,0.5,2.0,2.0,1.0,ok,0.0026208712792488574,2.4633333333333334,4.926666666666667,2.11313333231908,0.8578349116315617,3,0,0,3,15531,64028.99986266039,79559.99986266039,0.9999999997106345,"[0, 2, 4]","[1.0, 0.0, 0.9999999991319031, 0.0, 1.0, 0.0]","[4.006045949214026, 3.012678588324344, 4.467881408276714, 4.218104296490653, 3.7662601626016254, 1.4490568418396315]","[16564.999999999996, 31840.999999999993, 28934.0, 12861.0, 18529.999999999996, 22969.0]",2.2456441307189268e-10,0
three_state,0.5,2.0,2.0,1.0,ok,0.0026208712792488566,2.4633333333333334,4.926666666666667,2.113133333333333,0.8578349120433015,3,0,0,3,15531,64029.0,79560.0,1.0,"[0, 2, 4]","[1.0, 0.0, 1.0, 0.0, 1.0, 0.0]","[4.006045949214026, 3.012678588324344, 4.467881408276714, 4.218104296490653, 3.7662601626016254, 1.4490568418396315]","[16564.999999999996, 31840.999999999993, 28934.0, 12861.0, 18529.999999999996, 22969.0]",0.0,0
no_aigc,0.5,2.0,2.0,1.0,ok,0.42779808189943075,2.4633333333333334,4.926666666666667,2.0,0.8119079837618403,6,6,0,0,45000,0.0,45000.0,0.0,"[0, 1, 2, 3, 4, 5]","[0.0, 0.0, 0.0, 0.0, 0.0, 0.0]","[4.006045949214026, 3.012678588324344, 4.467881408276714, 4.218104296490653, 3.7662601626016254, 1.4490568418396315]","[16564.999999999996, 31840.999999999993, 28934.0, 12861.0, 18529.999999999996, 22969.0]",0.0,0
continuous,0.02,4.0,4.0,1.0,infeasible,,,,,,,,,,,,,,,,,,,
three_state,0.02,4.0,4.0,1.0,infeasible,,,,,,,,,,,,,,,,,,,
no_aigc,0.02,4.0,4.0,1.0,infeasible,,,,,,,,,,,,,,,,,,,
continuous,0.04,4.0,4.0,1.0,ok,4.059375620412351,0.2770666666666667,6.926666666666667,0.2770666666666667,1.0,1,0,1,0,3049,216.4458007859977,3265.4458007859976,0.08199778598185255,[3],"[0.0, 0.0, 0.0, 0.08199778598185255, 0.0, 0.0]","[4.006045949214026, 3.012678588324344, 4.467881408276714, 4.218104296490653, 3.7662601626016254, 1.4490568418396315]","[16564.999999999996, 31840.999999999993, 28934.0, 12861.0, 18529.999999999996, 22969.0]",0.0,0
three_state,0.04,4.0,4.0,1.0,ok,4.8164222117692885,0.2770666666666667,6.926666666666667,0.2710222222222222,0.9781841514276547,1,1,0,0,3049,0.0,3049.0,0.0,[3],"[0.0, 0.0, 0.0, 0.0, 0.0, 0.0]","[4.006045949214026, 3.012678588324344, 4.467881408276714, 4.218104296490653, 3.7662601626016254, 1.4490568418396315]","[16564.999999999996, 31840.999999999993, 28934.0, 12861.0, 18529.999999999996, 22969.0]",0.0,0
no_aigc,0.04,4.0,4.0,1.0,ok,4.8164222117692885,0.2770666666666667,6.926666666666667,0.2710222222222222,0.9781841514276547,1,1,0,0,3049,0.0,3049.0,0.0,[3],"[0.0, 0.0, 0.0, 0.0, 0.0, 0.0]","[4.006045949214026, 3.012678588324344, 4.467881408276714, 4.218104296490653, 3.7662601626016254, 1.4490568418396315]","[16564.999999999996, 31840.999999999993, 28934.0, 12861.0, 18529.999999999996, 22969.0]",0.0,0
continuous,0.06,4.0,4.0,1.0,ok,0.4915112607991528,0.41559999999999997,6.926666666666667,0.4155999999999999,0.9999999999999999,1,0,1,0,3049,3738.4937887765986,6787.493788776599,0.681369453314164,[3],"[0.0, 0.0, 0.0, 0.681369453314164, 0.0, 0.0]","[4.006045949214026, 3.012678588324344, 4.467881408276714, 4.218104296490653, 3.7662601626016254, 1.4490568418396315]","[16564.999999999996, 31840.999999999993, 28934.0, 12861.0, 18529.999999999996, 22969.0]",1.1350365092255288e-12,1
three_state,0.06,4.0,4.0,1.0,ok,3.869395997059535,0.41559999999999997,6.926666666666667,0.3675555555555556,0.8843973906534062,1,1,0,0,4135,0.0,4135.0,0.0,[0],"[0.0, 0.0, 0.0, 0.0, 0.0, 0.0]","[4.006045949214026, 3.012678588324344, 4.467881408276714, 4.218104296490653, 3.7662601626016254, 1.4490568418396315]","[16564.999999999996, 31840.999999999993, 28934.0, 12861.0, 18529.999999999996, 22969.0]",0.0,0
no_aigc,0.06,4.0,4.0,1.0,ok,3.869395997059535,0.41559999999999997,6.926666666666667,0.3675555555555556,0.8843973906534062,1,1,0,0,4135,0.0,4135.0,0.0,[0],"[0.0, 0.0, 0.0, 0.0, 0.0, 0.0]","[4.006045949214026, 3.012678588324344, 4.467881408276714, 4.218104296490653, 3.7662601626016254, 1.4490568418396315]","[16564.999999999996, 31840.999999999993, 28934.0, 12861.0, 18529.999999999996, 22969.0]",0.0,0
continuous,0.08,4.0,4.0,1.0,ok,0.0029378244771038754,0.5541333333333334,6.926666666666667,0.5541333333333334,1.0,1,0,1,0,3049,12518.565562551605,15567.565562551605,0.994785178872046,[3],"[0.0, 0.0, 0.0, 0.994785178872046, 0.0, 0.0]","[4.006045949214026, 3.012678588324344, 4.467881408276714, 4.218104296490653, 3.7662601626016254, 1.4490568418396315]","[16564.999999999996, 31840.999999999993, 28934.0, 12861.0, 18529.999999999996, 22969.0]",3.7770481187138216e-13,2
three_state,0.08,4.0,4.0,1.0,ok,3.869395997059535,0.5541333333333334,6.926666666666667,0.3675555555555556,0.6632980429900546,1,1,0,0,4135,0.0,4135.0,0.0,[0],"[0.0, 0.0, 0.0, 0.0, 0.0, 0.0]","[4.006045949214026, 3.012678588324344, 4.467881408276714, 4.218104296490653, 3.7662601626016254, 1.4490568418396315]","[16564.999999999996, 31840.999999999993, 28934.0, 12861.0, 18529.999999999996, 22969.0]",0.0,0
no_aigc,0.08,4.0,4.0,1.0,ok,3.869395997059535,0.5541333333333334,6.926666666666667,0.3675555555555556,0.6632980429900546,1,1,0,0,4135,0.0,4135.0,0.0,[0],"[0.0, 0.0, 0.0, 0.0, 0.0, 0.0]","[4.006045949214026, 3.012678588324344, 4.467881408276714, 4.218104296490653, 3.7662601626016254, 1.4490568418396315]","[16564.999999999996, 31840.999999999993, 28934.0, 12861.0, 18529.999999999996, 22969.0]",0.0,0
continuous,0.1,4.0,4.0,1.0,ok,0.002806921292897905,0.6926666666666668,6.926666666666667,0.5568222222221036,0.803881937760496,1,0,0,1,3049,12860.999999984624,15909.999999984624,0.9999999999997708,[3],"[0.0, 0.0, 0.0, 0.9999999999997708, 0.0, 0.0]","[4.006045949214026, 3.012678588324344, 4.467881408276714, 4.218104296490653, 3.7662601626016254, 1.4490568418396315]","[16564.999999999996, 31840.999999999993, 28934.0, 12861.0, 18529.999999999996, 22969.0]",0.0,1
three_state,0.1,4.0,4.0,1.0,ok,0.002806921292897905,0.6926666666666668,6.926666666666667,0.5568222222222221,0.8038819377606671,1,0,0,1,3049,12861.0,15910.0,1.0,[3],"[0.0, 0.0, 0.0, 1.0, 0.0, 0.0]","[4.006045949214026, 3.012678588324344, 4.467881408276714, 4.218104296490653, 3.7662601626016254, 1.4490568418396315]","[16564.999999999996, 31840.999999999993, 28934.0, 12861.0, 18529.999999999996, 22969.0]",0.0,0
no_aigc,0.1,4.0,4.0,1.0,ok,2.355510089250443,0.6926666666666668,6.926666666666667,0.6385777777777778,0.9219120949631054,2,2,0,0,7184,0.0,7184.0,0.0,"[0, 3]","[0.0, 0.0, 0.0, 0.0, 0.0, 0.0]","[4.006045949214026, 3.012678588324344, 4.467881408276714, 4.218104296490653, 3.7662601626016254, 1.4490568418396315]","[16564.999999999996, 31840.999999999993, 28934.0, 12861.0, 18529.999999999996, 22969.0]",0.0,0
continuous,0.15,4.0,4.0,1.0,ok,0.002806921292897905,1.039,6.926666666666667,0.8491111111110521,0.8172387979894631,1,0,0,1,4920,18529.99999999294,23449.99999999294,0.9999999999999201,[4],"[0.0, 0.0, 0.0, 0.0, 0.9999999999999201, 0.0]","[4.006045949214026, 3.012678588324344, 4.467881408276714, 4.218104296490653, 3.7662601626016254, 1.4490568418396315]","[16564.999999999996, 31840.999999999993, 28934.0, 12861.0, 18529.999999999996, 22969.0]",0.0,2
three_state,0.15,4.0,4.0,1.0,ok,0.002806921292897905,1.039,6.926666666666667,0.849111111111111,0.8172387979895198,1,0,0,1,4920,18529.999999999996,23449.999999999996,1.0,[4],"[0.0, 0.0, 0.0, 0.0, 1.0, 0.0]","[4.006045949214026, 3.012678588324344, 4.467881408276714, 4.218104296490653, 3.7662601626016254, 1.4490568418396315]","[16564.999999999996, 31840.999999999993, 28934.0, 12861.0, 18529.999999999996, 22969.0]",0.0,0
no_aigc,0.15,4.0,4.0,1.0,ok,2.355510089250443,1.039,6.926666666666667,0.6385777777777778,0.6146080633087371,2,2,0,0,7184,0.0,7184.0,0.0,"[0, 3]","[0.0, 0.0, 0.0, 0.0, 0.0, 0.0]","[4.006045949214026, 3.012678588324344, 4.467881408276714, 4.218104296490653, 3.7662601626016254, 1.4490568418396315]","[16564.999999999996, 31840.999999999993, 28934.0, 12861.0, 18529.999999999996, 22969.0]",0.0,0
continuous,0.2,4.0,4.0,1.0,ok,0.0026681218819164763,1.3853333333333335,6.926666666666667,1.292488888888888,0.9329804299005445,2,0,0,2,7184,29425.999999999876,36609.999999999876,0.9999999999999992,"[0, 3]","[0.9999999999999989, 0.0, 0.0, 0.9999999999999996, 0.0, 0.0]","[4.006045949214026, 3.012678588324344, 4.467881408276714, 4.218104296490653, 3.7662601626016254, 1.4490568418396315]","[16564.999999999996, 31840.999999999993, 28934.0, 12861.0, 18529.999999999996, 22969.0]",0.0,2
three_state,0.2,4.0,4.0,1.0,ok,0.0026681218819164763,1.3853333333333335,6.926666666666667,1.2924888888888888,0.9329804299005452,2,0,0,2,7184,29425.999999999996,36610.0,1.0,"[0, 3]","[1.0, 0.0, 0.0, 1.0, 0.0, 0.0]","[4.006045949214026, 3.012678588324344, 4.467881408276714, 4.218104296490653, 3.7662601626016254, 1.4490568418396315]","[16564.999999999996, 31840.999999999993, 28934.0, 12861.0, 18529.999999999996, 22969.0]",0.0,0
no_aigc,0.2,4.0,4.0,1.0,ok,1.8147613460295802,1.3853333333333335,6.926666666666667,1.3070222222222223,0.943471286493423,2,2,0,0,14704,0.0,14704.0,0.0,"[0, 1]","[0.0, 0.0, 0.0, 0.0, 0.0, 0.0]","[4.006045949214026, 3.012678588324344, 4.467881408276714, 4.218104296490653, 3.7662601626016254, 1.4490568418396315]","[16564.999999999996, 31840.999999999993, 28934.0, 12861.0, 18529.999999999996, 22969.0]",0.0,0
continuous,0.3,4.0,4.0,1.0,ok,0.0026659433920892136,2.078,6.926666666666667,1.584777777777775,0.7626457063415665,2,0,0,2,9055,35094.99999999968,44149.99999999968,0.9999999999999982,"[0, 4]","[1.0, 0.0, 0.0, 0.0, 0.9999999999999964, 0.0]","[4.006045949214026, 3.012678588324344, 4.467881408276714, 4.218104296490653, 3.7662601626016254, 1.4490568418396315]","[16564.999999999996, 31840.999999999993, 28934.0, 12861.0, 18529.999999999996, 22969.0]",2.3765711620882257e-16,4
three_state,0.3,4.0,4.0,1.0,ok,0.0026659433920892136,2.078,6.926666666666667,1.5847777777777776,0.7626457063415677,2,0,0,2,9055,35094.99999999999,44149.99999999999,1.0,"[0, 4]","[1.0, 0.0, 0.0, 0.0, 1.0, 0.0]","[4.006045949214026, 3.012678588324344, 4.467881408276714, 4.218104296490653, 3.7662601626016254, 1.4490568418396315]","[16564.999999999996, 31840.999999999993, 28934.0, 12861.0, 18529.999999999996, 22969.0]",0.0,0
no_aigc,0.3,4.0,4.0,1.0,ok,1.092970482681676,2.078,6.926666666666667,2.047555555555556,0.9853491605175919,3,3,0,0,23035,0.0,23035.0,0.0,"[0, 3, 5]","[0.0, 0.0, 0.0, 0.0, 0.0, 0.0]","[4.006045949214026, 3.012678588324344, 4.467881408276714, 4.218104296490653, 3.7662601626016254, 1.4490568418396315]","[16564.999999999996, 31840.999999999993, 28934.0, 12861.0, 18529.999999999996, 22969.0]",0.0,0
continuous,0.4,4.0,4.0,1.0,ok,0.00262095067520199,2.770666666666667,6.926666666666667,2.141599999999999,0.7729547641963422,3,0,0,3,12104,47955.9999999999,60059.9999999999,0.9999999999999997,"[0, 3, 4]","[0.999999999999999, 0.0, 0.0, 0.9999999999999999, 1.0, 0.0]","[4.006045949214026, 3.012678588324344, 4.467881408276714, 4.218104296490653, 3.7662601626016254, 1.4490568418396315]","[16564.999999999996, 31840.999999999993, 28934.0, 12861.0, 18529.999999999996, 22969.0]",0.0,2
three_state,0.4,4.0,4.0,1.0,ok,0.00262095067520199,2.770666666666667,6.926666666666667,2.1416,0.7729547641963425,3,0,0,3,12104,47955.99999999999,60060.0,1.0,"[0, 3, 4]","[1.0, 0.0, 0.0, 1.0, 1.0, 0.0]","[4.006045949214026, 3.012678588324344, 4.467881408276714, 4.218104296490653, 3.7662601626016254, 1.4490568418396315]","[16564.999999999996, 31840.999999999993, 28934.0, 12861.0, 18529.999999999996, 22969.0]",0.0,0
no_aigc,0.4,4.0,4.0,1.0,ok,0.6861087845293953,2.770666666666667,6.926666666666667,2.619466666666667,0.9454282964388835,3,3,0,0,29469,0.0,29469.0,0.0,"[1, 3, 5]","[0.0, 0.0, 0.0, 0.0, 0.0, 0.0]","[4.006045949214026, 3.012678588324344, 4.467881408276714, 4.218104296490653, 3.7662601626016254, 1.4490568418396315]","[16564.999999999996, 31840.999999999993, 28934.0, 12861.0, 18529.999999999996, 22969.0]",0.0,0
continuous,0.5,4.0,4.0,1.0,ok,0.002598984528451025,3.4633333333333334,6.926666666666667,3.3602222212213935,0.970227782835821,4,0,0,4,18580,76889.9998644782,95469.9998644782,0.9999999997858483,"[0, 2, 3, 4]","[1.0, 0.0, 0.9999999991433931, 1.0, 1.0, 0.0]","[4.006045949214026, 3.012678588324344, 4.467881408276714, 4.218104296490653, 3.7662601626016254, 1.4490568418396315]","[16564.999999999996, 31840.999999999993, 28934.0, 12861.0, 18529.999999999996, 22969.0]",2.7849399002188857e-10,0
three_state,0.5,4.0,4.0,1.0,ok,0.0025989845284510246,3.4633333333333334,6.926666666666667,3.360222222222222,0.9702277831247995,4,0,0,4,18580,76890.0,95470.0,1.0,"[0, 2, 3, 4]","[1.0, 0.0, 1.0, 1.0, 1.0, 0.0]","[4.006045949214026, 3.012678588324344, 4.467881408276714, 4.218104296490653, 3.7662601626016254, 1.4490568418396315]","[16564.999999999996, 31840.999999999993, 28934.0, 12861.0, 18529.999999999996, 22969.0]",0.0,0
no_aigc,0.5,4.0,4.0,1.0,ok,0.47630462152506337,3.4633333333333334,6.926666666666667,3.361422222222222,0.9705742701315366,4,4,0,0,37816,0.0,37816.0,0.0,"[1, 2, 4, 5]","[0.0, 0.0, 0.0, 0.0, 0.0, 0.0]","[4.006045949214026, 3.012678588324344, 4.467881408276714, 4.218104296490653, 3.7662601626016254, 1.4490568418396315]","[16564.999999999996, 31840.999999999993, 28934.0, 12861.0, 18529.999999999996, 22969.0]",0.0,0
