method,budget_fraction,generator_gap_ratio,status,objective_normalized,label_component,generator_component,noise_component,active_clients,raw_clients,interior_clients,full_clients,mean_u_active,budget,full_budget,total_payment,budget_utilization,active_original_samples,synthetic_samples_proxy,active_indices,u,normalized_absolute_gap,solver_failures
continuous,0.02,0.0,ok,7.325863827480157,7.32305690618726,0.0,0.002806921292897905,1,0,1,0,0.12784129939930267,0.07853333333333333,3.9266666666666663,0.07853333333333333,1.0,3049,351.4035961540783,[3],"[0.0, 0.0, 0.0, 0.12784129939930267, 0.0, 0.0]",8.171241461241152e-14,0
three_state,0.02,0.0,ok,9.63003750224568,9.627230580952782,0.0,0.002806921292897905,1,1,0,0,0.0,0.07853333333333333,3.9266666666666663,0.06775555555555555,0.8627617430673458,3049,0.0,[3],"[0.0, 0.0, 0.0, 0.0, 0.0, 0.0]",0.0,0
no_aigc,0.02,0.0,ok,9.63003750224568,9.627230580952782,0.0,0.002806921292897905,1,1,0,0,0.0,0.07853333333333333,3.9266666666666663,0.06775555555555555,0.8627617430673458,3049,0.0,[3],"[0.0, 0.0, 0.0, 0.0, 0.0, 0.0]",0.0,0
continuous,0.04,0.0,ok,2.2728197701839083,2.2700128488910103,0.0,0.002806921292897905,1,0,1,0,0.5144170034086041,0.15706666666666666,3.9266666666666663,0.15706666666666663,0.9999999999999998,3049,2170.405768371837,[3],"[0.0, 0.0, 0.0, 0.5144170034086041, 0.0, 0.0]",1.7763568394002505e-15,1
three_state,0.04,0.0,ok,7.735985072826171,7.733178151533274,0.0,0.002806921292897905,1,1,0,0,0.0,0.15706666666666666,3.9266666666666663,0.0918888888888889,0.5850311262026033,4135,0.0,[0],"[0.0, 0.0, 0.0, 0.0, 0.0, 0.0]",0.0,0
no_aigc,0.04,0.0,ok,7.735985072826171,7.733178151533274,0.0,0.002806921292897905,1,1,0,0,0.0,0.15706666666666666,3.9266666666666663,0.0918888888888889,0.5850311262026033,4135,0.0,[0],"[0.0, 0.0, 0.0, 0.0, 0.0, 0.0]",0.0,0
continuous,0.06,0.0,ok,0.6435321920766747,0.6407252707837767,0.0,0.002806921292897905,1,0,1,0,0.7420204743938174,0.23559999999999998,3.9266666666666663,0.23559999999999998,1.0,3049,4570.058399462952,[3],"[0.0, 0.0, 0.0, 0.7420204743938174, 0.0, 0.0]",1.2145839889399213e-13,1
three_state,0.06,0.0,ok,4.70835205661897,4.705683934737053,0.0,0.0026681218819164763,2,2,0,0,0.0,0.23559999999999998,3.9266666666666663,0.15964444444444445,0.6776079984908508,7184,0.0,"[0, 3]","[0.0, 0.0, 0.0, 0.0, 0.0, 0.0]",0.0,0
no_aigc,0.06,0.0,ok,4.70835205661897,4.705683934737053,0.0,0.0026681218819164763,2,2,0,0,0.0,0.23559999999999998,3.9266666666666663,0.15964444444444445,0.6776079984908508,7184,0.0,"[0, 3]","[0.0, 0.0, 0.0, 0.0, 0.0, 0.0]",0.0,0
continuous,0.08,0.0,ok,0.06300000453994811,0.0601930832470502,0.0,0.002806921292897905,1,0,1,0,0.9209280210782067,0.3141333333333333,3.9266666666666663,0.3141333333333332,0.9999999999999997,3049,8881.705735001991,[3],"[0.0, 0.0, 0.0, 0.9209280210782067, 0.0, 0.0]",1.8118700984004477e-12,1
three_state,0.08,0.0,ok,3.7890528505601884,3.7864259832029625,0.0,0.0026268673572258368,3,3,0,0,0.0,0.3141333333333333,3.9266666666666663,0.3035555555555556,0.9663271080928127,13660,0.0,"[0, 2, 3]","[0.0, 0.0, 0.0, 0.0, 0.0, 0.0]",0.0,0
no_aigc,0.08,0.0,ok,3.7890528505601884,3.7864259832029625,0.0,0.0026268673572258368,3,3,0,0,0.0,0.3141333333333333,3.9266666666666663,0.3035555555555556,0.9663271080928127,13660,0.0,"[0, 2, 3]","[0.0, 0.0, 0.0, 0.0, 0.0, 0.0]",0.0,0
continuous,0.1,0.0,ok,0.002806921292897905,1.4703040728548482e-24,0.0,0.002806921292897905,1,0,0,1,0.9999999999996092,0.39266666666666666,3.9266666666666663,0.35355555555535356,0.9003961516689819,3049,12860.999999973777,[3],"[0.0, 0.0, 0.0, 0.9999999999996092, 0.0, 0.0]",0.0,6
three_state,0.1,0.0,ok,0.002806921292897905,0.0,0.0,0.002806921292897905,1,0,0,1,1.0,0.39266666666666666,3.9266666666666663,0.3535555555555555,0.9003961516694963,3049,12861.0,[3],"[0.0, 0.0, 0.0, 1.0, 0.0, 0.0]",0.0,0
no_aigc,0.1,0.0,ok,3.5260016478956984,3.5231947266028003,0.0,0.002806921292897905,1,1,0,0,0.0,0.39266666666666666,3.9266666666666663,0.35224444444444447,0.8970571590265989,15851,0.0,[5],"[0.0, 0.0, 0.0, 0.0, 0.0, 0.0]",0.0,0
continuous,0.15,0.0,ok,0.002806921292897905,2.5160543708430402e-24,0.0,0.002806921292897905,1,0,0,1,0.9999999999995062,0.589,3.9266666666666663,0.5211111111107469,0.8847387285411663,4920,18529.99999995638,[4],"[0.0, 0.0, 0.0, 0.0, 0.9999999999995062, 0.0]",0.0,5
three_state,0.15,0.0,ok,0.002806921292897905,0.0,0.0,0.002806921292897905,1,0,0,1,1.0,0.589,3.9266666666666663,0.5211111111111111,0.8847387285417846,4920,18529.999999999996,[4],"[0.0, 0.0, 0.0, 0.0, 1.0, 0.0]",0.0,0
no_aigc,0.15,0.0,ok,1.6721117740623375,1.6694554929813537,0.0,0.0026562810809837864,3,3,0,0,0.0,0.589,3.9266666666666663,0.5639111111111111,0.9574042633465385,25376,0.0,"[2, 3, 5]","[0.0, 0.0, 0.0, 0.0, 0.0, 0.0]",0.0,0
continuous,0.2,0.0,ok,0.002806921292897905,2.5160543708430402e-24,0.0,0.002806921292897905,1,0,0,1,0.9999999999995062,0.7853333333333333,3.9266666666666663,0.5211111111107469,0.6635540464058747,4920,18529.99999995638,[4],"[0.0, 0.0, 0.0, 0.0, 0.9999999999995062, 0.0]",0.0,9
three_state,0.2,0.0,ok,0.002806921292897905,0.0,0.0,0.002806921292897905,1,0,0,1,1.0,0.7853333333333333,3.9266666666666663,0.5211111111111111,0.6635540464063384,4920,18529.999999999996,[4],"[0.0, 0.0, 0.0, 0.0, 1.0, 0.0]",0.0,0
no_aigc,0.2,0.0,ok,1.17069088174227,1.1680700981986476,0.0,0.0026207835436224095,4,4,0,0,0.0,0.7853333333333333,3.9266666666666663,0.7467555555555556,0.9508771929824562,33604,0.0,"[0, 1, 3, 5]","[0.0, 0.0, 0.0, 0.0, 0.0, 0.0]",0.0,0
continuous,0.3,0.0,ok,0.0026659433920892136,0.0,0.0,0.0026659433920892136,2,0,0,2,1.0,1.178,3.9266666666666663,0.981111111111111,0.8328617242029805,9055,35094.99999999999,"[0, 4]","[1.0, 0.0, 0.0, 0.0, 1.0, 0.0]",0.0,5
three_state,0.3,0.0,ok,0.0026659433920892136,0.0,0.0,0.0026659433920892136,2,0,0,2,1.0,1.178,3.9266666666666663,0.981111111111111,0.8328617242029805,9055,35094.99999999999,"[0, 4]","[1.0, 0.0, 0.0, 0.0, 1.0, 0.0]",0.0,0
no_aigc,0.3,0.0,ok,0.8530094308387358,0.85042269787861,0.0,0.002586732960125739,6,6,0,0,0.0,1.178,3.9266666666666663,1.0,0.8488964346349746,45000,0.0,"[0, 1, 2, 3, 4, 5]","[0.0, 0.0, 0.0, 0.0, 0.0, 0.0]",0.0,0
continuous,0.4,0.0,ok,0.00262095067520199,1.548598943591966e-29,0.0,0.00262095067520199,3,0,0,3,0.9999999999999982,1.5706666666666667,3.9266666666666663,1.3346666666666633,0.8497453310696074,12104,47955.99999999956,"[0, 3, 4]","[0.9999999999999976, 0.0, 0.0, 0.9999999999999991, 0.9999999999999982, 0.0]",0.0,3
three_state,0.4,0.0,ok,0.00262095067520199,0.0,0.0,0.00262095067520199,3,0,0,3,1.0,1.5706666666666667,3.9266666666666663,1.3346666666666667,0.8497453310696095,12104,47955.99999999999,"[0, 3, 4]","[1.0, 0.0, 0.0, 1.0, 1.0, 0.0]",0.0,0
no_aigc,0.4,0.0,ok,0.8530094308387358,0.85042269787861,0.0,0.002586732960125739,6,6,0,0,0.0,1.5706666666666667,3.9266666666666663,1.0,0.6366723259762309,45000,0.0,"[0, 1, 2, 3, 4, 5]","[0.0, 0.0, 0.0, 0.0, 0.0, 0.0]",0.0,0
continuous,0.5,0.0,ok,0.0026208712792488566,3.85504967046559e-28,0.0,0.0026208712792488566,3,0,0,3,0.9999999999999943,1.9633333333333332,3.9266666666666663,1.7679999999999816,0.9005093378607717,15531,64028.999999997584,"[0, 2, 4]","[1.0, 0.0, 0.9999999999999871, 0.0, 0.9999999999999958, 0.0]",1.6332421526321639e-15,0
three_state,0.5,0.0,ok,0.0026208712792488566,0.0,0.0,0.0026208712792488566,3,0,0,3,1.0,1.9633333333333332,3.9266666666666663,1.768,0.900509337860781,15531,64029.0,"[0, 2, 4]","[1.0, 0.0, 1.0, 0.0, 1.0, 0.0]",0.0,0
no_aigc,0.5,0.0,ok,0.8530094308387358,0.85042269787861,0.0,0.002586732960125739,6,6,0,0,0.0,1.9633333333333332,3.9266666666666663,1.0,0.5093378607809848,45000,0.0,"[0, 1, 2, 3, 4, 5]","[0.0, 0.0, 0.0, 0.0, 0.0, 0.0]",0.0,0
continuous,0.02,0.30857142857142855,ok,7.371478863132618,7.323056906187263,0.04561503565245634,0.002806921292897905,1,0,1,0,0.12784129939930247,0.07853333333333333,3.9266666666666663,0.0785333333333333,0.9999999999999997,3049,351.40359615407766,[3],"[0.0, 0.0, 0.0, 0.12784129939930247, 0.0, 0.0]",8.970602038971265e-14,0
three_state,0.02,0.30857142857142855,ok,9.63003750224568,9.627230580952782,0.0,0.002806921292897905,1,1,0,0,0.0,0.07853333333333333,3.9266666666666663,0.06775555555555555,0.8627617430673458,3049,0.0,[3],"[0.0, 0.0, 0.0, 0.0, 0.0, 0.0]",0.0,0
no_aigc,0.02,0.30857142857142855,ok,9.63003750224568,9.627230580952782,0.0,0.002806921292897905,1,1,0,0,0.0,0.07853333333333333,3.9266666666666663,0.06775555555555555,0.8627617430673458,3049,0.0,[3],"[0.0, 0.0, 0.0, 0.0, 0.0, 0.0]",0.0,0
continuous,0.04,0.30857142857142855,ok,3.0113976501440693,2.2700128488910103,0.7385778799601609,0.002806921292897905,1,0,1,0,0.5144170034086041,0.15706666666666666,3.9266666666666663,0.15706666666666663,0.9999999999999998,3049,2170.405768371837,[3],"[0.0, 0.0, 0.0, 0.5144170034086041, 0.0, 0.0]",6.247891093380531e-12,1
three_state,0.04,0.30857142857142855,ok,7.735985072826171,7.733178151533274,0.0,0.002806921292897905,1,1,0,0,0.0,0.15706666666666666,3.9266666666666663,0.0918888888888889,0.5850311262026033,4135,0.0,[0],"[0.0, 0.0, 0.0, 0.0, 0.0, 0.0]",0.0,0
no_aigc,0.04,0.30857142857142855,ok,7.735985072826171,7.733178151533274,0.0,0.002806921292897905,1,1,0,0,0.0,0.15706666666666666,3.9266666666666663,0.0918888888888889,0.5850311262026033,4135,0.0,[0],"[0.0, 0.0, 0.0, 0.0, 0.0, 0.0]",0.0,0
continuous,0.06,0.30857142857142855,ok,2.1802617469316172,0.6407252707837767,1.5367295548549422,0.002806921292897905,1,0,1,0,0.7420204743938174,0.23559999999999998,3.9266666666666663,0.23559999999999998,1.0,3049,4570.058399462952,[3],"[0.0, 0.0, 0.0, 0.7420204743938174, 0.0, 0.0]",2.842170943040401e-14,1
three_state,0.06,0.30857142857142855,ok,4.70835205661897,4.705683934737053,0.0,0.0026681218819164763,2,2,0,0,0.0,0.23559999999999998,3.9266666666666663,0.15964444444444445,0.6776079984908508,7184,0.0,"[0, 3]","[0.0, 0.0, 0.0, 0.0, 0.0, 0.0]",0.0,0
no_aigc,0.06,0.30857142857142855,ok,4.70835205661897,4.705683934737053,0.0,0.0026681218819164763,2,2,0,0,0.0,0.23559999999999998,3.9266666666666663,0.15964444444444445,0.6776079984908508,7184,0.0,"[0, 3]","[0.0, 0.0, 0.0, 0.0, 0.0, 0.0]",0.0,0
continuous,0.08,0.30857142857142855,ok,2.0233812446331307,0.5279486022615878,1.492625721078645,0.002806921292897905,1,0,1,0,0.738713594366165,0.3141333333333333,3.9266666666666663,0.30695939443193404,0.9771627581661738,4135,5978.716543167008,[0],"[0.738713594366165, 0.0, 0.0, 0.0, 0.0, 0.0]",4.440892098500626e-16,1
three_state,0.08,0.30857142857142855,ok,3.7890528505601884,3.7864259832029625,0.0,0.0026268673572258368,3,3,0,0,0.0,0.3141333333333333,3.9266666666666663,0.3035555555555556,0.9663271080928127,13660,0.0,"[0, 2, 3]","[0.0, 0.0, 0.0, 0.0, 0.0, 0.0]",0.0,0
no_aigc,0.08,0.30857142857142855,ok,3.7890528505601884,3.7864259832029625,0.0,0.0026268673572258368,3,3,0,0,0.0,0.3141333333333333,3.9266666666666663,0.3035555555555556,0.9663271080928127,13660,0.0,"[0, 2, 3]","[0.0, 0.0, 0.0, 0.0, 0.0, 0.0]",0.0,0
continuous,0.1,0.30857142857142855,ok,1.7840319464836782,0.931551198022561,0.8498126265792009,0.0026681218819164763,2,0,2,0,0.5537712798361574,0.39266666666666666,3.9266666666666663,0.3926666666666667,1.0000000000000002,7184,5785.4581556854955,"[0, 3]","[0.5621829869264511, 0.0, 0.0, 0.5453595727458636, 0.0, 0.0]",1.1102230246251565e-15,2
three_state,0.1,0.30857142857142855,ok,2.7938443861496975,0.0,2.7910374648567995,0.002806921292897905,1,0,0,1,1.0,0.39266666666666666,3.9266666666666663,0.3535555555555555,0.9003961516694963,3049,12861.0,[3],"[0.0, 0.0, 0.0, 1.0, 0.0, 0.0]",0.0,0
no_aigc,0.1,0.30857142857142855,ok,3.5260016478956984,3.5231947266028003,0.0,0.002806921292897905,1,1,0,0,0.0,0.39266666666666666,3.9266666666666663,0.35224444444444447,0.8970571590265989,15851,0.0,[5],"[0.0, 0.0, 0.0, 0.0, 0.0, 0.0]",0.0,0
continuous,0.15,0.30857142857142855,ok,1.0996252620864009,0.5491145176495071,0.5477038231439959,0.002806921292897905,1,0,1,0,0.6052127309088728,0.589,3.9266666666666663,0.589,1.0,15851,8842.56957331744,[5],"[0.0, 0.0, 0.0, 0.0, 0.0, 0.6052127309088728]",1.0296208330373702e-12,3
three_state,0.15,0.30857142857142855,ok,1.6721117740623375,1.6694554929813537,0.0,0.0026562810809837864,3,3,0,0,0.0,0.589,3.9266666666666663,0.5639111111111111,0.9574042633465385,25376,0.0,"[2, 3, 5]","[0.0, 0.0, 0.0, 0.0, 0.0, 0.0]",0.0,0
no_aigc,0.15,0.30857142857142855,ok,1.6721117740623375,1.6694554929813537,0.0,0.0026562810809837864,3,3,0,0,0.0,0.589,3.9266666666666663,0.5639111111111111,0.9574042633465385,25376,0.0,"[2, 3, 5]","[0.0, 0.0, 0.0, 0.0, 0.0, 0.0]",0.0,0
continuous,0.2,0.30857142857142855,ok,0.910103019637157,0.8682504367215166,0.03921776885407295,0.002634814061567497,3,0,3,0,0.1257115649254512,0.7853333333333333,3.9266666666666663,0.7853333333333334,1.0000000000000002,31340,3333.1017040981124,"[1, 4, 5]","[0.0, 0.15998431585204886, 0.0, 0.0, 0.05713542267239989, 0.16001495625190484]",6.898925875020723e-13,0
three_state,0.2,0.30857142857142855,ok,1.17069088174227,1.1680700981986476,0.0,0.0026207835436224095,4,4,0,0,0.0,0.7853333333333333,3.9266666666666663,0.7467555555555556,0.9508771929824562,33604,0.0,"[0, 1, 3, 5]","[0.0, 0.0, 0.0, 0.0, 0.0, 0.0]",0.0,0
no_aigc,0.2,0.30857142857142855,ok,1.17069088174227,1.1680700981986476,0.0,0.0026207835436224095,4,4,0,0,0.0,0.7853333333333333,3.9266666666666663,0.7467555555555556,0.9508771929824562,33604,0.0,"[0, 1, 3, 5]","[0.0, 0.0, 0.0, 0.0, 0.0, 0.0]",0.0,0
continuous,0.3,0.30857142857142855,ok,0.6290371221536404,0.5267053836356482,0.09973687979533208,0.002594858722660039,5,0,5,0,0.21313812021316964,1.178,3.9266666666666663,1.178,1.0,41951,7679.701501909865,"[0, 1, 2, 4, 5]","[0.1988023257444031, 0.22351047682947398, 0.30016914693149477, 0.0, 0.15668153926545314, 0.18652711229502317]",4.3220982348657344e-13,0
three_state,0.3,0.30857142857142855,ok,0.8530094308387358,0.85042269787861,0.0,0.002586732960125739,6,6,0,0,0.0,1.178,3.9266666666666663,1.0,0.8488964346349746,45000,0.0,"[0, 1, 2, 3, 4, 5]","[0.0, 0.0, 0.0, 0.0, 0.0, 0.0]",0.0,0
no_aigc,0.3,0.30857142857142855,ok,0.8530094308387358,0.85042269787861,0.0,0.002586732960125739,6,6,0,0,0.0,1.178,3.9266666666666663,1.0,0.8488964346349746,45000,0.0,"[0, 1, 2, 3, 4, 5]","[0.0, 0.0, 0.0, 0.0, 0.0, 0.0]",0.0,0
continuous,0.4,0.30857142857142855,ok,0.6048952537754902,0.4365360137763209,0.16577250703904353,0.002586732960125739,6,0,6,0,0.2918279672205472,1.5706666666666667,3.9266666666666663,1.394768390677573,0.8880104354908147,45000,11356.854679812148,"[0, 1, 2, 3, 4, 5]","[0.27822535241737995, 0.2593260764575789, 0.3585466516186364, 0.3188906064436109, 0.3425026949666973, 0.19347642141938004]",7.084700559545354e-08,0
three_state,0.4,0.30857142857142855,ok,0.8445148539044515,0.8100208055485897,0.031907315395735956,0.002586732960125739,6,5,0,1,0.16666666666666666,1.5706666666666667,3.9266666666666663,1.2858,0.8186332767402378,45000,12861.0,"[0, 1, 2, 3, 4, 5]","[0.0, 0.0, 0.0, 1.0, 0.0, 0.0]",0.0,0
no_aigc,0.4,0.30857142857142855,ok,0.8530094308387358,0.85042269787861,0.0,0.002586732960125739,6,6,0,0,0.0,1.5706666666666667,3.9266666666666663,1.0,0.6366723259762309,45000,0.0,"[0, 1, 2, 3, 4, 5]","[0.0, 0.0, 0.0, 0.0, 0.0, 0.0]",0.0,0
continuous,0.5,0.30857142857142855,ok,0.6048952537754902,0.4365360137763209,0.16577250703904353,0.002586732960125739,6,0,6,0,0.2918279672205472,1.9633333333333332,3.9266666666666663,1.394768390677573,0.7104083483926519,45000,11356.854679812148,"[0, 1, 2, 3, 4, 5]","[0.27822535241737995, 0.2593260764575789, 0.3585466516186364, 0.3188906064436109, 0.3425026949666973, 0.19347642141938004]",7.084700559545354e-08,0
three_state,0.5,0.30857142857142855,ok,0.8445148539044515,0.8100208055485897,0.031907315395735956,0.002586732960125739,6,5,0,1,0.16666666666666666,1.9633333333333332,3.9266666666666663,1.2858,0.6549066213921902,45000,12861.0,"[0, 1, 2, 3, 4, 5]","[0.0, 0.0, 0.0, 1.0, 0.0, 0.0]",0.0,0
no_aigc,0.5,0.30857142857142855,ok,0.8530094308387358,0.85042269787861,0.0,0.002586732960125739,6,6,0,0,0.0,1.9633333333333332,3.9266666666666663,1.0,0.5093378607809848,45000,0.0,"[0, 1, 2, 3, 4, 5]","[0.0, 0.0, 0.0, 0.0, 0.0, 0.0]",0.0,0
continuous,0.02,0.4,ok,7.402514607554588,7.323056906187261,0.07665078007442952,0.002806921292897905,1,0,1,0,0.12784129939930258,0.07853333333333333,3.9266666666666663,0.07853333333333332,0.9999999999999998,3049,351.40359615407806,[3],"[0.0, 0.0, 0.0, 0.12784129939930258, 0.0, 0.0]",8.348877145181177e-14,0
three_state,0.02,0.4,ok,9.63003750224568,9.627230580952782,0.0,0.002806921292897905,1,1,0,0,0.0,0.07853333333333333,3.9266666666666663,0.06775555555555555,0.8627617430673458,3049,0.0,[3],"[0.0, 0.0, 0.0, 0.0, 0.0, 0.0]",0.0,0
no_aigc,0.02,0.4,ok,9.63003750224568,9.627230580952782,0.0,0.002806921292897905,1,1,0,0,0.0,0.07853333333333333,3.9266666666666663,0.06775555555555555,0.8627617430673458,3049,0.0,[3],"[0.0, 0.0, 0.0, 0.0, 0.0, 0.0]",0.0,0
continuous,0.04,0.4,ok,3.51391428726374,2.2700128488910103,1.2410945170798315,0.002806921292897905,1,0,1,0,0.5144170034086041,0.15706666666666666,3.9266666666666663,0.15706666666666663,0.9999999999999998,3049,2170.405768371837,[3],"[0.0, 0.0, 0.0, 0.5144170034086041, 0.0, 0.0]",5.662137425588298e-13,1
three_state,0.04,0.4,ok,7.735985072826171,7.733178151533274,0.0,0.002806921292897905,1,1,0,0,0.0,0.15706666666666666,3.9266666666666663,0.0918888888888889,0.5850311262026033,4135,0.0,[0],"[0.0, 0.0, 0.0, 0.0, 0.0, 0.0]",0.0,0
no_aigc,0.04,0.4,ok,7.735985072826171,7.733178151533274,0.0,0.002806921292897905,1,1,0,0,0.0,0.15706666666666666,3.9266666666666663,0.0918888888888889,0.5850311262026033,4135,0.0,[0],"[0.0, 0.0, 0.0, 0.0, 0.0, 0.0]",0.0,0
continuous,0.06,0.4,ok,2.8163918172238978,2.4573087256022093,0.35641496973977216,0.0026681218819164763,2,0,2,0,0.2758941597374507,0.23559999999999998,3.9266666666666663,0.2356,1.0000000000000002,7184,2060.4230129367065,"[0, 3]","[0.28524439099540105, 0.0, 0.0, 0.2665439284795003, 0.0, 0.0]",4.440892098500626e-16,2
three_state,0.06,0.4,ok,4.70835205661897,4.705683934737053,0.0,0.0026681218819164763,2,2,0,0,0.0,0.23559999999999998,3.9266666666666663,0.15964444444444445,0.6776079984908508,7184,0.0,"[0, 3]","[0.0, 0.0, 0.0, 0.0, 0.0, 0.0]",0.0,0
no_aigc,0.06,0.4,ok,4.70835205661897,4.705683934737053,0.0,0.0026681218819164763,2,2,0,0,0.0,0.23559999999999998,3.9266666666666663,0.15964444444444445,0.6776079984908508,7184,0.0,"[0, 3]","[0.0, 0.0, 0.0, 0.0, 0.0, 0.0]",0.0,0
continuous,0.08,0.4,ok,2.3832297294336784,1.5082439298822738,0.872317677669488,0.0026681218819164763,2,0,2,0,0.43238095043968616,0.3141333333333333,3.9266666666666663,0.31413333333333326,0.9999999999999998,7184,3845.717168585237,"[0, 3]","[0.4418919642682913, 0.0, 0.0, 0.4228699366110811, 0.0, 0.0]",7.323031070427533e-13,0
three_state,0.08,0.4,ok,3.7890528505601884,3.7864259832029625,0.0,0.0026268673572258368,3,3,0,0,0.0,0.3141333333333333,3.9266666666666663,0.3035555555555556,0.9663271080928127,13660,0.0,"[0, 2, 3]","[0.0, 0.0, 0.0, 0.0, 0.0, 0.0]",0.0,0
no_aigc,0.08,0.4,ok,3.7890528505601884,3.7864259832029625,0.0,0.0026268673572258368,3,3,0,0,0.0,0.3141333333333333,3.9266666666666663,0.3035555555555556,0.9663271080928127,13660,0.0,"[0, 2, 3]","[0.0, 0.0, 0.0, 0.0, 0.0, 0.0]",0.0,0
continuous,0.1,0.4,ok,2.3376051113974214,1.1588969837230434,1.1760400057924614,0.0026681218819164763,2,0,2,0,0.5024797603321497,0.39266666666666666,3.9266666666666663,0.35752510228001355,0.9105053538540243,7184,4886.273544814485,"[0, 3]","[0.5105611986058518, 0.0, 0.0, 0.49439832205844764, 0.0, 0.0]",4.440892098500626e-16,2
three_state,0.1,0.4,ok,3.5260016478956984,3.5231947266028003,0.0,0.002806921292897905,1,1,0,0,0.0,0.39266666666666666,3.9266666666666663,0.35224444444444447,0.8970571590265989,15851,0.0,[5],"[0.0, 0.0, 0.0, 0.0, 0.0, 0.0]",0.0,0
no_aigc,0.1,0.4,ok,3.5260016478956984,3.5231947266028003,0.0,0.002806921292897905,1,1,0,0,0.0,0.39266666666666666,3.9266666666666663,0.35224444444444447,0.8970571590265989,15851,0.0,[5],"[0.0, 0.0, 0.0, 0.0, 0.0, 0.0]",0.0,0
continuous,0.15,0.4,ok,1.28785770800068,0.8594887343787764,0.42563892603424913,0.002730047587654491,2,0,2,0,0.2743349685696006,0.589,3.9266666666666663,0.589,1.0,18900,6259.771039595948,"[3, 5]","[0.0, 0.0, 0.0, 0.08219434016455394, 0.0, 0.4664755969746473]",8.01581023779363e-14,1
three_state,0.15,0.4,ok,1.6721117740623375,1.6694554929813537,0.0,0.0026562810809837864,3,3,0,0,0.0,0.589,3.9266666666666663,0.5639111111111111,0.9574042633465385,25376,0.0,"[2, 3, 5]","[0.0, 0.0, 0.0, 0.0, 0.0, 0.0]",0.0,0
no_aigc,0.15,0.4,ok,1.6721117740623375,1.6694554929813537,0.0,0.0026562810809837864,3,3,0,0,0.0,0.589,3.9266666666666663,0.5639111111111111,0.9574042633465385,25376,0.0,"[2, 3, 5]","[0.0, 0.0, 0.0, 0.0, 0.0, 0.0]",0.0,0
continuous,0.2,0.4,ok,0.9366752516323053,0.8687062174790886,0.06533422009164912,0.002634814061567497,3,0,3,0,0.12490639405262105,0.7853333333333333,3.9266666666666663,0.7853333333333333,1.0,31340,3319.5287290789674,"[1, 4, 5]","[0.0, 0.16514489462697735, 0.0, 0.0, 0.054378328031411946, 0.15519595949947382]",4.440892098500626e-16,0
three_state,0.2,0.4,ok,1.17069088174227,1.1680700981986476,0.0,0.0026207835436224095,4,4,0,0,0.0,0.7853333333333333,3.9266666666666663,0.7467555555555556,0.9508771929824562,33604,0.0,"[0, 1, 3, 5]","[0.0, 0.0, 0.0, 0.0, 0.0, 0.0]",0.0,0
no_aigc,0.2,0.4,ok,1.17069088174227,1.1680700981986476,0.0,0.0026207835436224095,4,4,0,0,0.0,0.7853333333333333,3.9266666666666663,0.7467555555555556,0.9508771929824562,33604,0.0,"[0, 1, 3, 5]","[0.0, 0.0, 0.0, 0.0, 0.0, 0.0]",0.0,0
continuous,0.3,0.4,ok,0.6857802535496359,0.5964913580790816,0.08670216251042852,0.002586732960125739,6,0,6,0,0.16722506982865223,1.178,3.9266666666666663,1.178,1.0,45000,5653.1141542413025,"[0, 1, 2, 3, 4, 5]","[0.14980190859742404, 0.14190187497844278, 0.22508256118969808, 0.1877510350954434, 0.21699266783601823, 0.08182037127488694]",2.886579864025407e-15,0
three_state,0.3,0.4,ok,0.8530094308387358,0.85042269787861,0.0,0.002586732960125739,6,6,0,0,0.0,1.178,3.9266666666666663,1.0,0.8488964346349746,45000,0.0,"[0, 1, 2, 3, 4, 5]","[0.0, 0.0, 0.0, 0.0, 0.0, 0.0]",0.0,0
no_aigc,0.3,0.4,ok,0.8530094308387358,0.85042269787861,0.0,0.002586732960125739,6,6,0,0,0.0,1.178,3.9266666666666663,1.0,0.8488964346349746,45000,0.0,"[0, 1, 2, 3, 4, 5]","[0.0, 0.0, 0.0, 0.0, 0.0, 0.0]",0.0,0
continuous,0.4,0.4,ok,0.6807047103979109,0.552039745299091,0.12607823213869418,0.002586732960125739,6,0,6,0,0.20265642424201905,1.5706666666666667,3.9266666666666663,1.2324475749840282,0.7846652642088465,45000,7053.4579557493635,"[0, 1, 2, 3, 4, 5]","[0.18805296000207655, 0.16859059081928054, 0.27358286508743146, 0.23145511366911234, 0.2566777914652049, 0.09757922440900853]",4.7616533271899186e-08,0
three_state,0.4,0.4,ok,0.8530094308387358,0.85042269787861,0.0,0.002586732960125739,6,6,0,0,0.0,1.5706666666666667,3.9266666666666663,1.0,0.6366723259762309,45000,0.0,"[0, 1, 2, 3, 4, 5]","[0.0, 0.0, 0.0, 0.0, 0.0, 0.0]",0.0,0
no_aigc,0.4,0.4,ok,0.8530094308387358,0.85042269787861,0.0,0.002586732960125739,6,6,0,0,0.0,1.5706666666666667,3.9266666666666663,1.0,0.6366723259762309,45000,0.0,"[0, 1, 2, 3, 4, 5]","[0.0, 0.0, 0.0, 0.0, 0.0, 0.0]",0.0,0
continuous,0.5,0.4,ok,0.6807047103979109,0.552039745299091,0.12607823213869418,0.002586732960125739,6,0,6,0,0.20265642424201905,1.9633333333333332,3.9266666666666663,1.2324475749840282,0.6277322113670772,45000,7053.4579557493635,"[0, 1, 2, 3, 4, 5]","[0.18805296000207655, 0.16859059081928054, 0.27358286508743146, 0.23145511366911234, 0.2566777914652049, 0.09757922440900853]",4.7616533271899186e-08,0
three_state,0.5,0.4,ok,0.8530094308387358,0.85042269787861,0.0,0.002586732960125739,6,6,0,0,0.0,1.9633333333333332,3.9266666666666663,1.0,0.5093378607809848,45000,0.0,"[0, 1, 2, 3, 4, 5]","[0.0, 0.0, 0.0, 0.0, 0.0, 0.0]",0.0,0
no_aigc,0.5,0.4,ok,0.8530094308387358,0.85042269787861,0.0,0.002586732960125739,6,6,0,0,0.0,1.9633333333333332,3.9266666666666663,1.0,0.5093378607809848,45000,0.0,"[0, 1, 2, 3, 4, 5]","[0.0, 0.0, 0.0, 0.0, 0.0, 0.0]",0.0,0
